# ************************************************************
# Sequel Pro SQL dump
# Version 4541
#
# http://www.sequelpro.com/
# https://github.com/sequelpro/sequelpro
#
# Host: 127.0.0.1 (MySQL 5.7.28)
# Database: edda
# Generation Time: 2019-11-14 03:32:30 +0000
# ************************************************************


/*!40101 SET @OLD_CHARACTER_SET_CLIENT=@@CHARACTER_SET_CLIENT */;
/*!40101 SET @OLD_CHARACTER_SET_RESULTS=@@CHARACTER_SET_RESULTS */;
/*!40101 SET @OLD_COLLATION_CONNECTION=@@COLLATION_CONNECTION */;
/*!40101 SET NAMES utf8 */;
/*!40014 SET @OLD_FOREIGN_KEY_CHECKS=@@FOREIGN_KEY_CHECKS, FOREIGN_KEY_CHECKS=0 */;
/*!40101 SET @OLD_SQL_MODE=@@SQL_MODE, SQL_MODE='NO_AUTO_VALUE_ON_ZERO' */;
/*!40111 SET @OLD_SQL_NOTES=@@SQL_NOTES, SQL_NOTES=0 */;


# Dump of table tb_banner
# ------------------------------------------------------------

DROP TABLE IF EXISTS `tb_banner`;

CREATE TABLE `tb_banner` (
  `idx` int(11) NOT NULL AUTO_INCREMENT,
  `title` varchar(250) CHARACTER SET utf8 COLLATE utf8_bin NOT NULL DEFAULT '' COMMENT '??',
  `subTitle` varchar(250) CHARACTER SET utf8 COLLATE utf8_bin DEFAULT NULL COMMENT '???',
  `position` int(11) DEFAULT '0' COMMENT '?? ??(?:T/??:B)',
  `image_name` varchar(250) CHARACTER SET utf8 COLLATE utf8_bin DEFAULT NULL COMMENT '????',
  `image_org_name` varchar(250) CHARACTER SET utf8 COLLATE utf8_bin DEFAULT NULL COMMENT '????(????)',
  `image_size` int(11) DEFAULT NULL COMMENT '??????',
  `image_path` varchar(250) CHARACTER SET utf8 COLLATE utf8_bin DEFAULT NULL COMMENT '?????',
  `banner_type` char(1) CHARACTER SET utf8 COLLATE utf8_bin NOT NULL DEFAULT 'A' COMMENT '???? A : bg_img, B : bg_color_gradation, C : bg_color_red, D : bg_color_gray',
  `banner_link_open_type` char(1) DEFAULT NULL COMMENT '?? ????',
  `banner_link` varchar(250) CHARACTER SET utf8 COLLATE utf8_bin DEFAULT NULL COMMENT '?? ??',
  `bg_color1` varchar(50) CHARACTER SET utf8 COLLATE utf8_bin DEFAULT NULL COMMENT 'bgcolor1',
  `bg_color2` varchar(50) CHARACTER SET utf8 COLLATE utf8_bin DEFAULT NULL COMMENT 'bgcolor2',
  `global_type` char(2) DEFAULT 'KR' COMMENT '????',
  `use_yn` char(1) CHARACTER SET utf8 COLLATE utf8_bin NOT NULL DEFAULT 'Y' COMMENT '????',
  `cre_id` varchar(20) CHARACTER SET utf8 COLLATE utf8_bin NOT NULL COMMENT '???',
  `cre_dtime` datetime NOT NULL DEFAULT CURRENT_TIMESTAMP COMMENT '???',
  `upd_id` varchar(20) CHARACTER SET utf8 COLLATE utf8_bin NOT NULL COMMENT '???',
  `upd_dtime` datetime NOT NULL DEFAULT CURRENT_TIMESTAMP COMMENT '???',
  KEY `idx` (`idx`)
) ENGINE=InnoDB DEFAULT CHARSET=latin1 COMMENT='??????';

LOCK TABLES `tb_banner` WRITE;
/*!40000 ALTER TABLE `tb_banner` DISABLE KEYS */;

INSERT INTO `tb_banner` (`idx`, `title`, `subTitle`, `position`, `image_name`, `image_org_name`, `image_size`, `image_path`, `banner_type`, `banner_link_open_type`, `banner_link`, `bg_color1`, `bg_color2`, `global_type`, `use_yn`, `cre_id`, `cre_dtime`, `upd_id`, `upd_dtime`)
VALUES
	(1,X'EC97ACEC9D98EB8F84EC97B0EAB5ACEC9B90EC9D9820EC9B90ECB999EAB3BC20ED9881EC8BA0EC979020EC89BCED919CEB8A9420EC9786EC8AB5EB8B88EB8BA4',X'EB8C80ED959CEBAFBCEAB5AD20ECB59CEAB3A0EC9D9820ECA095EB8BB920EC8BB1ED81ACED83B1ED81ACEBA5BC20EB8498EC96B43C62723EEB8C80ED919CECA081EC9DB820EAB880EBA19CEBB28C20EC8BB1ED81ACED83B1ED81ACEBA19C20EB8F84EC95BDED9598EAB2A0EC8AB5EB8B88EB8BA4',4,X'',X'',0,X'',X'42',NULL,X'2F',NULL,NULL,'KR',X'59',X'61646D696E','2018-11-23 04:45:10',X'61646D696E','2019-10-06 14:54:50'),
	(2,X'EC97ACEC9D98EB8F84EC97B0EAB5ACEC9B90EC9D9820EC9B90ECB999EAB3BC20ED9881EC8BA0EC979020EC89BCED919CEB8A9420EC9786EC8AB5EB8B88EB8BA4',X'EB8C80ED959CEBAFBCEAB5AD20ECB59CEAB3A0EC9D9820ECA095EB8BB920EC8BB1ED81ACED83B1ED81ACEBA5BC20EB8498EC96B43C62723EEB8C80ED919CECA081EC9DB820EAB880EBA19CEBB28C20EC8BB1ED81ACED83B1ED81ACEBA19C20EB8F84EC95BDED9598EAB2A0EC8AB5EB8B88EB8BA4',3,X'3562363635613933376665333763383930303064663838393938366132316361',X'74656D705F6B6179766930312E6A7067',199041,X'687474703A2F2F6E65616E652D61646D696E2E61702D6E6F727468656173742D322E656C61737469636265616E7374616C6B2E636F6D2F75706C6F61642F62616E6E65722F3562363635613933376665333763383930303064663838393938366132316361',X'42',NULL,X'2F',NULL,NULL,'KR',X'59',X'61646D696E','2019-09-16 09:39:51',X'61646D696E','2019-09-16 09:39:51'),
	(4,X'EC97ACEC9D98EB8F84EC97B0EAB5ACEC9B90EC9D9820EC9B90ECB999EAB3BC20ED9881EC8BA0EC979020EC89BCED919CEB8A9420EC9786EC8AB5EB8B88EB8BA42E',X'EB8C80ED959CEBAFBCEAB5AD20ECB59CEAB3A0EC9D9820ECA095EB8BB920EC8BB1ED81ACED83B1ED81ACEBA5BC20EB8498EC96B43C62723EEB8C80ED919CECA081EC9DB820EAB880EBA19CEBB28C20EC8BB1ED81ACED83B1ED81ACEBA19C20EB8F84EC95BDED9598EAB2A0EC8AB5EB8B88EB8BA42E',2,X'313537313132373835313633302E706E67',X'62675F6B657976692E706E67',5665,X'2F75706C6F61642F62616E6E65722F313537313132373835313633302E706E67',X'41','N',X'2F32',NULL,NULL,'KR',X'59',X'61646D696E','2019-09-16 09:40:06',X'61646D696E','2019-11-01 14:23:07'),
	(3,X'EC97ACEC9D98EB8F84EC97B0EAB5ACEC9B90EC9D9820EC9B90ECB999EAB3BC20ED9881EC8BA0EC979020EC89BCED919CEB8A9420EC9786EC8AB5EB8B88EB8BA4',X'EB8C80ED959CEBAFBCEAB5AD20ECB59CEAB3A0EC9D9820ECA095EB8BB920EC8BB1ED81ACED83B1ED81ACEBA5BC20EB8498EC96B43C62723EEB8C80ED919CECA081EC9DB820EAB880EBA19CEBB28C20EC8BB1ED81ACED83B1ED81ACEBA19C20EB8F84EC95BDED9598EAB2A0EC8AB5EB8B88EB8BA4',1,X'3861396639623837653638653432666132373430346631336630396234373637',X'74656D705F70726F2E6A7067',3935,X'687474703A2F2F6E65616E652D61646D696E2E61702D6E6F727468656173742D322E656C61737469636265616E7374616C6B2E636F6D2F75706C6F61642F62616E6E65722F3861396639623837653638653432666132373430346631336630396234373637',X'44',NULL,X'2F',NULL,NULL,'KR',X'59',X'61646D696E','2019-09-16 09:40:06',X'61646D696E','2019-09-16 09:40:06'),
	(5,X'74657374',X'74657374',1,NULL,NULL,NULL,NULL,X'42','Y',X'',NULL,NULL,'KR',X'59',X'61646D696E','2019-11-01 14:24:03',X'61646D696E','2019-11-01 14:42:06');

/*!40000 ALTER TABLE `tb_banner` ENABLE KEYS */;
UNLOCK TABLES;


# Dump of table tb_board
# ------------------------------------------------------------

DROP TABLE IF EXISTS `tb_board`;

CREATE TABLE `tb_board` (
  `idx` int(11) NOT NULL AUTO_INCREMENT COMMENT '???idx',
  `board_idx` int(11) NOT NULL COMMENT '???idx',
  `title` varchar(250) COLLATE utf8_bin NOT NULL DEFAULT '' COMMENT '??',
  `title2` varchar(250) COLLATE utf8_bin DEFAULT NULL COMMENT '???',
  `a_date` varchar(10) COLLATE utf8_bin DEFAULT NULL COMMENT '???',
  `board_gubun` int(11) DEFAULT NULL COMMENT '??? ?? tb_cate',
  `content` mediumtext COLLATE utf8_bin NOT NULL COMMENT '??',
  `content2` mediumtext COLLATE utf8_bin COMMENT '??2',
  `content3` mediumtext COLLATE utf8_bin COMMENT '??3',
  `board_nation` varchar(50) COLLATE utf8_bin NOT NULL DEFAULT 'kr' COMMENT '????',
  `hit` int(11) NOT NULL DEFAULT '0' COMMENT '???',
  `secret_yn` char(1) COLLATE utf8_bin DEFAULT NULL COMMENT '?????(Y/N)',
  `read_yn` char(1) COLLATE utf8_bin DEFAULT 'N' COMMENT '??????(Y/N) Q&A ???? ??',
  `admin_del_yn` char(1) COLLATE utf8_bin DEFAULT 'N' COMMENT '?????',
  `main_image_name` varchar(250) COLLATE utf8_bin DEFAULT NULL COMMENT '????',
  `main_image_orgname` varchar(250) COLLATE utf8_bin DEFAULT NULL COMMENT '????????',
  `main_image_path` varchar(250) COLLATE utf8_bin DEFAULT NULL COMMENT '??? ??',
  `cre_id` varchar(50) COLLATE utf8_bin NOT NULL DEFAULT '' COMMENT '???id',
  `cre_dtime` datetime NOT NULL DEFAULT CURRENT_TIMESTAMP COMMENT '????',
  `upd_id` varchar(50) COLLATE utf8_bin NOT NULL DEFAULT '' COMMENT '??id',
  `upd_dtime` datetime NOT NULL DEFAULT CURRENT_TIMESTAMP COMMENT '????',
  `ios_url` varchar(250) COLLATE utf8_bin DEFAULT NULL COMMENT 'ios_url',
  `android_url` varchar(250) COLLATE utf8_bin DEFAULT NULL COMMENT 'android_url',
  `text1` varchar(250) COLLATE utf8_bin DEFAULT NULL COMMENT '????1',
  `text2` varchar(250) COLLATE utf8_bin DEFAULT NULL COMMENT '????2',
  `text3` varchar(250) COLLATE utf8_bin DEFAULT NULL COMMENT '????3',
  `text4` varchar(250) COLLATE utf8_bin DEFAULT NULL COMMENT '????4',
  `text5` varchar(250) COLLATE utf8_bin DEFAULT NULL COMMENT '????5',
  `top_fix` char(1) COLLATE utf8_bin DEFAULT 'N' COMMENT '????',
  `start_date` varchar(10) COLLATE utf8_bin DEFAULT NULL COMMENT '?? ???',
  `end_date` varchar(10) COLLATE utf8_bin DEFAULT NULL COMMENT '?? ???',
  `start_time` varchar(5) COLLATE utf8_bin DEFAULT NULL COMMENT '?? ????',
  `end_time` varchar(5) COLLATE utf8_bin DEFAULT NULL COMMENT '?? ????',
  `apply_url` varchar(255) COLLATE utf8_bin DEFAULT NULL COMMENT '???? url',
  `memo` mediumtext COLLATE utf8_bin COMMENT '??',
  `tag` varchar(250) COLLATE utf8_bin DEFAULT NULL COMMENT 'tag',
  `cre_name` varchar(50) COLLATE utf8_bin DEFAULT NULL COMMENT '????',
  `cre_pwd` varchar(50) COLLATE utf8_bin DEFAULT NULL COMMENT '??? pwd',
  `cre_email` varchar(50) COLLATE utf8_bin DEFAULT NULL COMMENT '??? email',
  PRIMARY KEY (`idx`)
) ENGINE=InnoDB DEFAULT CHARSET=utf8 COLLATE=utf8_bin;

LOCK TABLES `tb_board` WRITE;
/*!40000 ALTER TABLE `tb_board` DISABLE KEYS */;

INSERT INTO `tb_board` (`idx`, `board_idx`, `title`, `title2`, `a_date`, `board_gubun`, `content`, `content2`, `content3`, `board_nation`, `hit`, `secret_yn`, `read_yn`, `admin_del_yn`, `main_image_name`, `main_image_orgname`, `main_image_path`, `cre_id`, `cre_dtime`, `upd_id`, `upd_dtime`, `ios_url`, `android_url`, `text1`, `text2`, `text3`, `text4`, `text5`, `top_fix`, `start_date`, `end_date`, `start_time`, `end_time`, `apply_url`, `memo`, `tag`, `cre_name`, `cre_pwd`, `cre_email`)
VALUES
	(1,1,X'49535355452042524549462028EC9DB4EC8A8820EBB88CEBA6ACED94842931',X'EC97ACEC9D98EB8F84EC97B0EAB5ACEC9B90',X'323031392E30392E3237',6,X'3C7072653E0AEC97ACEC9D98EB8F8420EC97B0EAB5ACEC9B90EC9790EC849CEB8A9420ECBD98EB9DBCEB939C20EC9584EB8DB0EB8298EC9B8C20EC9EACEB8BA820ED959CEAB5ADEC82ACEBACB4EC868CEC998020ED95A8EABB9820EC84B8EBAFB8EB8298EBA5BC20EAB09CECB59CED9598EAB3A0EC9E9020ED95A9EB8B88EB8BA42E20EB8F85EC9DBCEC9D8020ECB2B4EAB384ECA081EC9DB820EC8B9CEBAFBCECA095ECB99820EAB590EC9CA1EC9CBCEBA19C20EC9CA0EBAA85ED959CEB8DB02C20EC9CA0EB8584EC8B9CECA088EBB680ED84B020EBB09BEC9D8020ECA095ECB998EAB590EC9CA1EC9D8420EC96B4EB96BBEAB28C20ECA095ECB998ED9884EC9EA5EC9790EC849C20EC8BA4ECB29CED9598EAB3A020EC9E88EB8A94ECA7802C20ECB2ADEB858420ECA095ECB998EC9DB8EB93A4EC9D8020ECA095EB8BB920EB82B4EC9790EC849C2020EC96B4EB96BBEAB28C20ED999CEB8F99ED9598EB8A94ECA780EC979020EB8C80ED95B420EC839DEC839DED959C20ED9884EC9EA5EC9D9820EBAAA9EC868CEBA6ACEBA5BC20EB93A3EAB3A0EC9E9020ED95A9EB8B88EB8BA42E3C2F7072653E0A0A3C7072653E0AEC9790EB9494ED84B0EC979020EB8BA4EC9D8C20EAB8B0EB8AA520EB84A3EC96B4ECA3BCEC84B8EC9A942E0A2D20EC9DB4EBAFB8ECA78020EC82BDEC9E85200A2D20EBA781ED81AC20EC82BDEC9E853C6120687265663D22687474703A2F2F7777772E6E617665722E636F6D223EEBA781ED81ACEC82BDEC9E853C2F613E0A2D203C7374726F6E673EEAB5B5EC9D8028426F6C642920EAB880EC94A83C2F7374726F6E673E0A2D20EC9DB4EBAAA8ECA78028456D6F6A69293C696D6720616C743D2277696E6B22207372633D22687474703A2F2F6C6F63616C686F73743A333033302F636B656469746F722F706C7567696E732F736D696C65792F696D616765732F77696E6B5F736D696C652E706E6722207374796C653D226865696768743A323370783B2077696474683A3233707822207469746C653D2277696E6B22202F3E3C2F7072653E0A0A3C703E3C696D6720616C743D2222207372633D22687474703A2F2F6C6F63616C686F73743A333033302F75706C6F61642F626F6172642F313536393430343839363739372E6A70656722207374796C653D226865696768743A35323070783B2077696474683A333830707822202F3E3C2F703E0A',NULL,NULL,X'6B72',0,NULL,X'4E',X'4E',X'313536393430343839363739372E6A706567',X'74656D705F636F7665722E6A7067',X'2F75706C6F61642F626F6172642F313536393430343839363739372E6A706567',X'61646D696E','2019-09-24 14:47:10',X'61646D696E','2019-09-26 16:19:04',NULL,NULL,X'C2B7E69687ECA095EAB68C2032EB858420EC9AB4EB8F99EAB68C20EC9DB4EB8590EC979020EAB087ED9E8C20EB8C80ED959CEBAFBCEAB5AD20EAB2BDECA09C',X'C2B7E69687ECA095EAB68C2032EB858420ED959CEAB5ADEAB2BDECA09C20ECB0B8EC8381',X'C2B7EC9584EBA788ECB694EC96B420ECA095EAB68CEC9D9820EAB2BDECA09CEC9DB8EC8B9D20ECA3BCEC9A94EBB09CEC96B8EBA19D',X'EBB2A0ED8AB8EB82A820EBAFB8EBB681ED9A8CEB8BB420E28098EB85B8EB949CE280993A20EC9B90EC9DB82C20ED8F89EAB0802C20ECA084EBA79D',X'EBB2A0ED8AB8EB82A820EBAFB8EBB681ED9A8CEB8BB420E28098EB85B8EB949CE280993A20EC9B90EC9DB82C20ED8F89EAB0802C20ECA084EBA79D',X'59',NULL,NULL,NULL,NULL,NULL,NULL,NULL,NULL,NULL,NULL),
	(2,1,X'E69687ECA095EAB68C20EAB2BDECA09CEC8BA4ECA09520ECA795EBB984EBA19D28E687B2E6AF96E98C842932',X'EC97ACEC9D98EB8F84EC97B0EAB5ACEC9B90',X'323031392E30392E3236',6,X'3C7072653E0AEC97ACEC9D98EB8F8420EC97B0EAB5ACEC9B90EC9790EC849CEB8A9420ECBD98EB9DBCEB939C20EC9584EB8DB0EB8298EC9B8C20EC9EACEB8BA820ED959CEAB5ADEC82ACEBACB4EC868CEC998020ED95A8EABB9820EC84B8EBAFB8EB8298EBA5BC20EAB09CECB59CED9598EAB3A0EC9E9020ED95A9EB8B88EB8BA42E20EB8F85EC9DBCEC9D8020ECB2B4EAB384ECA081EC9DB820EC8B9CEBAFBCECA095ECB99820EAB590EC9CA1EC9CBCEBA19C20EC9CA0EBAA85ED959CEB8DB02C20EC9CA0EB8584EC8B9CECA088EBB680ED84B020EBB09BEC9D8020ECA095ECB998EAB590EC9CA1EC9D8420EC96B4EB96BBEAB28C20ECA095ECB998ED9884EC9EA5EC9790EC849C20EC8BA4ECB29CED9598EAB3A020EC9E88EB8A94ECA7802C20ECB2ADEB858420ECA095ECB998EC9DB8EB93A4EC9D8020ECA095EB8BB920EB82B4EC9790EC849C2020EC96B4EB96BBEAB28C20ED999CEB8F99ED9598EB8A94ECA780EC979020EB8C80ED95B420EC839DEC839DED959C20ED9884EC9EA5EC9D9820EBAAA9EC868CEBA6ACEBA5BC20EB93A3EAB3A0EC9E9020ED95A9EB8B88EB8BA42E3C2F7072653E0A0A3C7072653E0AEC9790EB9494ED84B0EC979020EB8BA4EC9D8C20EAB8B0EB8AA520EB84A3EC96B4ECA3BCEC84B8EC9A942E0A2D20EC9DB4EBAFB8ECA78020EC82BDEC9E85200A2D20EBA781ED81AC20EC82BDEC9E853C6120687265663D22687474703A2F2F7777772E6E617665722E636F6D223EEBA781ED81ACEC82BDEC9E853C2F613E0A2D203C7374726F6E673EEAB5B5EC9D8028426F6C642920EAB880EC94A83C2F7374726F6E673E0A2D20EC9DB4EBAAA8ECA78028456D6F6A69293C696D6720616C743D2277696E6B22207372633D22687474703A2F2F6C6F63616C686F73743A333033302F636B656469746F722F706C7567696E732F736D696C65792F696D616765732F77696E6B5F736D696C652E706E6722207374796C653D226865696768743A323370783B2077696474683A3233707822207469746C653D2277696E6B22202F3E3C2F7072653E0A0A3C703E3C696D6720616C743D2222207372633D22687474703A2F2F6C6F63616C686F73743A333033302F75706C6F61642F626F6172642F313536393430343839363739372E6A70656722207374796C653D226865696768743A35323070783B2077696474683A333830707822202F3E3C2F703E0A',NULL,NULL,X'6B72',0,NULL,X'4E',X'4E',X'313536393430343839363739372E6A706567',X'74656D705F636F7665722E6A7067',X'2F75706C6F61642F626F6172642F313536393430343839363739372E6A706567',X'61646D696E','2019-09-24 14:47:10',X'61646D696E','2019-09-26 16:19:04',NULL,NULL,X'C2B7E69687ECA095EAB68C2032EB858420EC9AB4EB8F99EAB68C20EC9DB4EB8590EC979020EAB087ED9E8C20EB8C80ED959CEBAFBCEAB5AD20EAB2BDECA09C',X'C2B7E69687ECA095EAB68C2032EB858420ED959CEAB5ADEAB2BDECA09C20ECB0B8EC8381',X'C2B7EC9584EBA788ECB694EC96B420ECA095EAB68CEC9D9820EAB2BDECA09CEC9DB8EC8B9D20ECA3BCEC9A94EBB09CEC96B8EBA19D',X'EBB2A0ED8AB8EB82A820EBAFB8EBB681ED9A8CEB8BB420E28098EB85B8EB949CE280993A20EC9B90EC9DB82C20ED8F89EAB0802C20ECA084EBA79D',X'EBB2A0ED8AB8EB82A820EBAFB8EBB681ED9A8CEB8BB420E28098EB85B8EB949CE280993A20EC9B90EC9DB82C20ED8F89EAB0802C20ECA084EBA79D',X'4E',NULL,NULL,NULL,NULL,NULL,NULL,NULL,NULL,NULL,NULL),
	(3,1,X'E69687ECA095EAB68C20EAB2BDECA09CEC8BA4ECA09520ECA795EBB984EBA19D28E687B2E6AF96E98C842933',X'EC97ACEC9D98EB8F84EC97B0EAB5ACEC9B90',X'323031392E30392E3239',6,X'3C7072653E0AEC97ACEC9D98EB8F8420EC97B0EAB5ACEC9B90EC9790EC849CEB8A9420ECBD98EB9DBCEB939C20EC9584EB8DB0EB8298EC9B8C20EC9EACEB8BA820ED959CEAB5ADEC82ACEBACB4EC868CEC998020ED95A8EABB9820EC84B8EBAFB8EB8298EBA5BC20EAB09CECB59CED9598EAB3A0EC9E9020ED95A9EB8B88EB8BA42E20EB8F85EC9DBCEC9D8020ECB2B4EAB384ECA081EC9DB820EC8B9CEBAFBCECA095ECB99820EAB590EC9CA1EC9CBCEBA19C20EC9CA0EBAA85ED959CEB8DB02C20EC9CA0EB8584EC8B9CECA088EBB680ED84B020EBB09BEC9D8020ECA095ECB998EAB590EC9CA1EC9D8420EC96B4EB96BBEAB28C20ECA095ECB998ED9884EC9EA5EC9790EC849C20EC8BA4ECB29CED9598EAB3A020EC9E88EB8A94ECA7802C20ECB2ADEB858420ECA095ECB998EC9DB8EB93A4EC9D8020ECA095EB8BB920EB82B4EC9790EC849C2020EC96B4EB96BBEAB28C20ED999CEB8F99ED9598EB8A94ECA780EC979020EB8C80ED95B420EC839DEC839DED959C20ED9884EC9EA5EC9D9820EBAAA9EC868CEBA6ACEBA5BC20EB93A3EAB3A0EC9E9020ED95A9EB8B88EB8BA42E3C2F7072653E0A0A3C7072653E0AEC9790EB9494ED84B0EC979020EB8BA4EC9D8C20EAB8B0EB8AA520EB84A3EC96B4ECA3BCEC84B8EC9A942E0A2D20EC9DB4EBAFB8ECA78020EC82BDEC9E85200A2D20EBA781ED81AC20EC82BDEC9E853C6120687265663D22687474703A2F2F7777772E6E617665722E636F6D223EEBA781ED81ACEC82BDEC9E853C2F613E0A2D203C7374726F6E673EEAB5B5EC9D8028426F6C642920EAB880EC94A83C2F7374726F6E673E0A2D20EC9DB4EBAAA8ECA78028456D6F6A69293C696D6720616C743D2277696E6B22207372633D22687474703A2F2F6C6F63616C686F73743A333033302F636B656469746F722F706C7567696E732F736D696C65792F696D616765732F77696E6B5F736D696C652E706E6722207374796C653D226865696768743A323370783B2077696474683A3233707822207469746C653D2277696E6B22202F3E3C2F7072653E0A0A3C703E3C696D6720616C743D2222207372633D22687474703A2F2F6C6F63616C686F73743A333033302F75706C6F61642F626F6172642F313536393430343839363739372E6A70656722207374796C653D226865696768743A35323070783B2077696474683A333830707822202F3E3C2F703E0A',NULL,NULL,X'6B72',0,NULL,X'4E',X'4E',X'313536393430343839363739372E6A706567',X'74656D705F636F7665722E6A7067',X'2F75706C6F61642F626F6172642F313536393430343839363739372E6A706567',X'61646D696E','2019-09-24 14:47:10',X'61646D696E','2019-09-26 16:19:04',NULL,NULL,X'C2B7E69687ECA095EAB68C2032EB858420EC9AB4EB8F99EAB68C20EC9DB4EB8590EC979020EAB087ED9E8C20EB8C80ED959CEBAFBCEAB5AD20EAB2BDECA09C',X'C2B7E69687ECA095EAB68C2032EB858420ED959CEAB5ADEAB2BDECA09C20ECB0B8EC8381',X'C2B7EC9584EBA788ECB694EC96B420ECA095EAB68CEC9D9820EAB2BDECA09CEC9DB8EC8B9D20ECA3BCEC9A94EBB09CEC96B8EBA19D',X'EBB2A0ED8AB8EB82A820EBAFB8EBB681ED9A8CEB8BB420E28098EB85B8EB949CE280993A20EC9B90EC9DB82C20ED8F89EAB0802C20ECA084EBA79D',X'EBB2A0ED8AB8EB82A820EBAFB8EBB681ED9A8CEB8BB420E28098EB85B8EB949CE280993A20EC9B90EC9DB82C20ED8F89EAB0802C20ECA084EBA79D',X'4E',NULL,NULL,NULL,NULL,NULL,NULL,NULL,NULL,NULL,NULL),
	(4,2,X'E69687ECA095EAB68C20EAB2BDECA09CEC8BA4ECA09520ECA795EBB984EBA19D28E687B2E6AF96E98C842933',X'EC97ACEC9D98EB8F84EC97B0EAB5ACEC9B90',X'323031392E30392E3236',1,X'3C7072653E0AEC97ACEC9D98EB8F8420EC97B0EAB5ACEC9B90EC9790EC849CEB8A9420ECBD98EB9DBCEB939C20EC9584EB8DB0EB8298EC9B8C20EC9EACEB8BA820ED959CEAB5ADEC82ACEBACB4EC868CEC998020ED95A8EABB9820EC84B8EBAFB8EB8298EBA5BC20EAB09CECB59CED9598EAB3A0EC9E9020ED95A9EB8B88EB8BA42E20EB8F85EC9DBCEC9D8020ECB2B4EAB384ECA081EC9DB820EC8B9CEBAFBCECA095ECB99820EAB590EC9CA1EC9CBCEBA19C20EC9CA0EBAA85ED959CEB8DB02C20EC9CA0EB8584EC8B9CECA088EBB680ED84B020EBB09BEC9D8020ECA095ECB998EAB590EC9CA1EC9D8420EC96B4EB96BBEAB28C20ECA095ECB998ED9884EC9EA5EC9790EC849C20EC8BA4ECB29CED9598EAB3A020EC9E88EB8A94ECA7802C20ECB2ADEB858420ECA095ECB998EC9DB8EB93A4EC9D8020ECA095EB8BB920EB82B4EC9790EC849C2020EC96B4EB96BBEAB28C20ED999CEB8F99ED9598EB8A94ECA780EC979020EB8C80ED95B420EC839DEC839DED959C20ED9884EC9EA5EC9D9820EBAAA9EC868CEBA6ACEBA5BC20EB93A3EAB3A0EC9E9020ED95A9EB8B88EB8BA42E3C2F7072653E0A0A3C7072653E0AEC9790EB9494ED84B0EC979020EB8BA4EC9D8C20EAB8B0EB8AA520EB84A3EC96B4ECA3BCEC84B8EC9A942E0A2D20EC9DB4EBAFB8ECA78020EC82BDEC9E85200A2D20EBA781ED81AC20EC82BDEC9E853C6120687265663D22687474703A2F2F7777772E6E617665722E636F6D223EEBA781ED81ACEC82BDEC9E853C2F613E0A2D203C7374726F6E673EEAB5B5EC9D8028426F6C642920EAB880EC94A83C2F7374726F6E673E0A2D20EC9DB4EBAAA8ECA78028456D6F6A69293C696D6720616C743D2277696E6B22207372633D22687474703A2F2F6C6F63616C686F73743A333033302F636B656469746F722F706C7567696E732F736D696C65792F696D616765732F77696E6B5F736D696C652E706E6722207374796C653D226865696768743A323370783B2077696474683A3233707822207469746C653D2277696E6B22202F3E3C2F7072653E0A0A3C703E3C696D6720616C743D2222207372633D22687474703A2F2F6C6F63616C686F73743A333033302F75706C6F61642F626F6172642F313536393430343839363739372E6A70656722207374796C653D226865696768743A35323070783B2077696474683A333830707822202F3E3C2F703E0A',NULL,NULL,X'6B72',0,NULL,X'4E',X'4E',X'313536393430343839363739372E6A706567',X'74656D705F636F7665722E6A7067',X'2F75706C6F61642F626F6172642F313536393430343839363739372E6A706567',X'61646D696E','2019-09-24 14:47:10',X'61646D696E','2019-09-26 16:19:04',NULL,NULL,X'C2B7E69687ECA095EAB68C2032EB858420EC9AB4EB8F99EAB68C20EC9DB4EB8590EC979020EAB087ED9E8C20EB8C80ED959CEBAFBCEAB5AD20EAB2BDECA09C',X'C2B7E69687ECA095EAB68C2032EB858420ED959CEAB5ADEAB2BDECA09C20ECB0B8EC8381',X'C2B7EC9584EBA788ECB694EC96B420ECA095EAB68CEC9D9820EAB2BDECA09CEC9DB8EC8B9D20ECA3BCEC9A94EBB09CEC96B8EBA19D',X'EBB2A0ED8AB8EB82A820EBAFB8EBB681ED9A8CEB8BB420E28098EB85B8EB949CE280993A20EC9B90EC9DB82C20ED8F89EAB0802C20ECA084EBA79D',X'EBB2A0ED8AB8EB82A820EBAFB8EBB681ED9A8CEB8BB420E28098EB85B8EB949CE280993A20EC9B90EC9DB82C20ED8F89EAB0802C20ECA084EBA79D',X'59',NULL,NULL,NULL,NULL,NULL,NULL,NULL,NULL,NULL,NULL),
	(5,2,X'E69687ECA095EAB68C20EAB2BDECA09CEC8BA4ECA09520ECA795EBB984EBA19D28E687B2E6AF96E98C842933',X'EC97ACEC9D98EB8F84EC97B0EAB5ACEC9B90',X'323031392E30392E3236',2,X'3C7072653E0AEC97ACEC9D98EB8F8420EC97B0EAB5ACEC9B90EC9790EC849CEB8A9420ECBD98EB9DBCEB939C20EC9584EB8DB0EB8298EC9B8C20EC9EACEB8BA820ED959CEAB5ADEC82ACEBACB4EC868CEC998020ED95A8EABB9820EC84B8EBAFB8EB8298EBA5BC20EAB09CECB59CED9598EAB3A0EC9E9020ED95A9EB8B88EB8BA42E20EB8F85EC9DBCEC9D8020ECB2B4EAB384ECA081EC9DB820EC8B9CEBAFBCECA095ECB99820EAB590EC9CA1EC9CBCEBA19C20EC9CA0EBAA85ED959CEB8DB02C20EC9CA0EB8584EC8B9CECA088EBB680ED84B020EBB09BEC9D8020ECA095ECB998EAB590EC9CA1EC9D8420EC96B4EB96BBEAB28C20ECA095ECB998ED9884EC9EA5EC9790EC849C20EC8BA4ECB29CED9598EAB3A020EC9E88EB8A94ECA7802C20ECB2ADEB858420ECA095ECB998EC9DB8EB93A4EC9D8020ECA095EB8BB920EB82B4EC9790EC849C2020EC96B4EB96BBEAB28C20ED999CEB8F99ED9598EB8A94ECA780EC979020EB8C80ED95B420EC839DEC839DED959C20ED9884EC9EA5EC9D9820EBAAA9EC868CEBA6ACEBA5BC20EB93A3EAB3A0EC9E9020ED95A9EB8B88EB8BA42E3C2F7072653E0A0A3C7072653E0AEC9790EB9494ED84B0EC979020EB8BA4EC9D8C20EAB8B0EB8AA520EB84A3EC96B4ECA3BCEC84B8EC9A942E0A2D20EC9DB4EBAFB8ECA78020EC82BDEC9E85200A2D20EBA781ED81AC20EC82BDEC9E853C6120687265663D22687474703A2F2F7777772E6E617665722E636F6D223EEBA781ED81ACEC82BDEC9E853C2F613E0A2D203C7374726F6E673EEAB5B5EC9D8028426F6C642920EAB880EC94A83C2F7374726F6E673E0A2D20EC9DB4EBAAA8ECA78028456D6F6A69293C696D6720616C743D2277696E6B22207372633D22687474703A2F2F6C6F63616C686F73743A333033302F636B656469746F722F706C7567696E732F736D696C65792F696D616765732F77696E6B5F736D696C652E706E6722207374796C653D226865696768743A323370783B2077696474683A3233707822207469746C653D2277696E6B22202F3E3C2F7072653E0A0A3C703E3C696D6720616C743D2222207372633D22687474703A2F2F6C6F63616C686F73743A333033302F75706C6F61642F626F6172642F313536393430343839363739372E6A70656722207374796C653D226865696768743A35323070783B2077696474683A333830707822202F3E3C2F703E0A',NULL,NULL,X'6B72',0,NULL,X'4E',X'4E',X'313536393430343839363739372E6A706567',X'74656D705F636F7665722E6A7067',X'2F75706C6F61642F626F6172642F313536393430343839363739372E6A706567',X'61646D696E','2019-09-24 14:47:10',X'61646D696E','2019-09-26 16:19:04',NULL,NULL,X'C2B7E69687ECA095EAB68C2032EB858420EC9AB4EB8F99EAB68C20EC9DB4EB8590EC979020EAB087ED9E8C20EB8C80ED959CEBAFBCEAB5AD20EAB2BDECA09C',X'C2B7E69687ECA095EAB68C2032EB858420ED959CEAB5ADEAB2BDECA09C20ECB0B8EC8381',X'C2B7EC9584EBA788ECB694EC96B420ECA095EAB68CEC9D9820EAB2BDECA09CEC9DB8EC8B9D20ECA3BCEC9A94EBB09CEC96B8EBA19D',X'EBB2A0ED8AB8EB82A820EBAFB8EBB681ED9A8CEB8BB420E28098EB85B8EB949CE280993A20EC9B90EC9DB82C20ED8F89EAB0802C20ECA084EBA79D',X'EBB2A0ED8AB8EB82A820EBAFB8EBB681ED9A8CEB8BB420E28098EB85B8EB949CE280993A20EC9B90EC9DB82C20ED8F89EAB0802C20ECA084EBA79D',X'4E',NULL,NULL,NULL,NULL,NULL,NULL,NULL,NULL,NULL,NULL),
	(6,5,X'EAB3B5ECA780EC82ACED95AD20ED858CEC8AA4ED8AB8',NULL,X'323031392E31302E3038',9,X'3C703EEAB3B5ECA780EC82ACED95ADEC9E85EB8B88EB8BA42E3C2F703E0A0A3C703E266E6273703B3C2F703E0A0A3C703EED9598ED9598ED9598ED9598ED95983C2F703E0A0A3C703EED9598ED9598ED9598ED9598ED95983C6272202F3E0AED9598ED9598ED9598ED9598ED95983232323C2F703E0A',NULL,NULL,X'6B72',0,NULL,X'4E',X'4E',X'',X'',X'',X'61646D696E','2019-10-06 11:30:23',X'61646D696E','2019-10-06 13:10:34',NULL,NULL,NULL,NULL,NULL,NULL,NULL,X'59',NULL,NULL,NULL,NULL,NULL,NULL,NULL,NULL,NULL,NULL),
	(7,4,X'E69687ECA095EAB68C20EAB2BDECA09CEC8BA4ECA09520ECA795EBB984EBA19D28E687B2E6AF96E98C842933',X'EC97ACEC9D98EB8F84EC97B0EAB5ACEC9B90',X'323031392E30392E3236',4,X'3C7072653E0AEC97ACEC9D98EB8F8420EC97B0EAB5ACEC9B90EC9790EC849CEB8A9420ECBD98EB9DBCEB939C20EC9584EB8DB0EB8298EC9B8C20EC9EACEB8BA820ED959CEAB5ADEC82ACEBACB4EC868CEC998020ED95A8EABB9820EC84B8EBAFB8EB8298EBA5BC20EAB09CECB59CED9598EAB3A0EC9E9020ED95A9EB8B88EB8BA42E20EB8F85EC9DBCEC9D8020ECB2B4EAB384ECA081EC9DB820EC8B9CEBAFBCECA095ECB99820EAB590EC9CA1EC9CBCEBA19C20EC9CA0EBAA85ED959CEB8DB02C20EC9CA0EB8584EC8B9CECA088EBB680ED84B020EBB09BEC9D8020ECA095ECB998EAB590EC9CA1EC9D8420EC96B4EB96BBEAB28C20ECA095ECB998ED9884EC9EA5EC9790EC849C20EC8BA4ECB29CED9598EAB3A020EC9E88EB8A94ECA7802C20ECB2ADEB858420ECA095ECB998EC9DB8EB93A4EC9D8020ECA095EB8BB920EB82B4EC9790EC849C2020EC96B4EB96BBEAB28C20ED999CEB8F99ED9598EB8A94ECA780EC979020EB8C80ED95B420EC839DEC839DED959C20ED9884EC9EA5EC9D9820EBAAA9EC868CEBA6ACEBA5BC20EB93A3EAB3A0EC9E9020ED95A9EB8B88EB8BA42E3C2F7072653E0A0A3C7072653E0AEC9790EB9494ED84B0EC979020EB8BA4EC9D8C20EAB8B0EB8AA520EB84A3EC96B4ECA3BCEC84B8EC9A942E0A2D20EC9DB4EBAFB8ECA78020EC82BDEC9E85200A2D20EBA781ED81AC20EC82BDEC9E853C6120687265663D22687474703A2F2F7777772E6E617665722E636F6D223EEBA781ED81ACEC82BDEC9E853C2F613E0A2D203C7374726F6E673EEAB5B5EC9D8028426F6C642920EAB880EC94A83C2F7374726F6E673E0A2D20EC9DB4EBAAA8ECA78028456D6F6A69293C696D6720616C743D2277696E6B22207372633D22687474703A2F2F6C6F63616C686F73743A333033302F636B656469746F722F706C7567696E732F736D696C65792F696D616765732F77696E6B5F736D696C652E706E6722207374796C653D226865696768743A323370783B2077696474683A3233707822207469746C653D2277696E6B22202F3E3C2F7072653E0A0A3C703E3C696D6720616C743D2222207372633D22687474703A2F2F6C6F63616C686F73743A333033302F75706C6F61642F626F6172642F313536393430343839363739372E6A70656722207374796C653D226865696768743A35323070783B2077696474683A333830707822202F3E3C2F703E0A',NULL,NULL,X'6B72',0,NULL,X'4E',X'4E',X'313536393430343839363739372E6A706567',X'74656D705F636F7665722E6A7067',X'2F75706C6F61642F626F6172642F313536393430343839363739372E6A706567',X'61646D696E','2019-09-24 14:47:10',X'61646D696E','2019-09-26 16:19:04',NULL,NULL,X'C2B7E69687ECA095EAB68C2032EB858420EC9AB4EB8F99EAB68C20EC9DB4EB8590EC979020EAB087ED9E8C20EB8C80ED959CEBAFBCEAB5AD20EAB2BDECA09C',X'C2B7E69687ECA095EAB68C2032EB858420ED959CEAB5ADEAB2BDECA09C20ECB0B8EC8381',X'C2B7EC9584EBA788ECB694EC96B420ECA095EAB68CEC9D9820EAB2BDECA09CEC9DB8EC8B9D20ECA3BCEC9A94EBB09CEC96B8EBA19D',X'EBB2A0ED8AB8EB82A820EBAFB8EBB681ED9A8CEB8BB420E28098EB85B8EB949CE280993A20EC9B90EC9DB82C20ED8F89EAB0802C20ECA084EBA79D',X'EBB2A0ED8AB8EB82A820EBAFB8EBB681ED9A8CEB8BB420E28098EB85B8EB949CE280993A20EC9B90EC9DB82C20ED8F89EAB0802C20ECA084EBA79D',X'59',NULL,NULL,NULL,NULL,NULL,NULL,NULL,NULL,NULL,NULL),
	(8,5,X'EAB3B5ECA780EC82ACED95AD20ED858CEC8AA4ED8AB8',NULL,X'323031392E31302E3038',9,X'3C703EEAB3B5ECA780EC82ACED95ADEC9E85EB8B88EB8BA42E3C2F703E0A0A3C703E266E6273703B3C2F703E0A0A3C703EED9598ED9598ED9598ED9598ED95983C2F703E0A0A3C703EED9598ED9598ED9598ED9598ED95983C6272202F3E0AED9598ED9598ED9598ED9598ED95983232323C2F703E0A',NULL,NULL,X'6B72',0,NULL,X'4E',X'4E',X'',X'',X'',X'61646D696E','2019-10-06 11:30:23',X'61646D696E','2019-10-06 13:10:34',NULL,NULL,NULL,NULL,NULL,NULL,NULL,X'59',NULL,NULL,NULL,NULL,NULL,NULL,NULL,NULL,NULL,NULL),
	(9,6,X'EC96B8EBA1A0EBB3B4EB8F8420ED858CEC8AA4ED8AB8',NULL,X'323031392E31302E3033',11,X'3C703EEC96B8EBA1A0EBB3B4EB8F8420ED858CEC8AA4ED8AB8EC9E85EB8B88EB8BA4213C2F703E0A0A3C703E266E6273703B3C2F703E0A0A3C703E266E6273703B3C2F703E0A',NULL,NULL,X'6B72',0,NULL,X'4E',X'4E',X'313537303333353039353338392E6A706567',X'696D675F6D656469612E6A7067',X'2F75706C6F61642F626F6172642F313537303333353039353338392E6A706567',X'61646D696E','2019-10-06 13:11:35',X'61646D696E','2019-10-06 13:11:35',NULL,NULL,NULL,NULL,NULL,NULL,NULL,NULL,NULL,NULL,NULL,NULL,NULL,NULL,NULL,NULL,NULL,NULL),
	(10,7,X'EC9DBCECA09520ED858CEC8AA4ED8AB8',X'EC9EA5EC868CEC9DBCEAB98CEC9A947E',NULL,NULL,X'3C703EEC9DBCECA09520ED858CEC8AA4ED8AB8EC9E85EB8B88EB8BA42E3C2F703E0A0A3C703E266E6273703B3C2F703E0A0A3C703EED9598ED9598ED9598ED9598ED9598ED95983C2F703E0A',NULL,NULL,X'6B72',0,NULL,X'4E',X'4E',X'',X'',X'',X'61646D696E','2019-10-06 13:12:16',X'61646D696E','2019-10-14 18:11:32',NULL,NULL,NULL,NULL,NULL,NULL,NULL,NULL,X'323031392E31302E3036',X'323031392E31302E3131',X'30303A3030',X'32333A3539',X'687474703A2F2F7777772E6E617665722E636F6D',NULL,NULL,NULL,NULL,NULL),
	(11,8,X'ECA095ECB185ECA09CEC958820ED858CEC8AA4ED8AB8',NULL,NULL,15,X'ECA095ECB185ECA09CEC9588EBB0B0EAB2BD20EBB08F20ED9584EC9A94EC84B10AECA095ECB185ECA09CEC9588EBB0B0EAB2BD20EBB08F20ED9584EC9A94EC84B10AECA095ECB185ECA09CEC9588EBB0B0EAB2BD20EBB08F20ED9584EC9A94EC84B1',X'ECA3BCEC9A94EC97B0EAB5ACEB82B4EC9AA90AECA3BCEC9A94EC97B0EAB5ACEB82B4EC9AA90AECA3BCEC9A94EC97B0EAB5ACEB82B4EC9AA9',X'EAB8B0EB8C80ED9AA8EAB3BC0AEAB8B0EB8C80ED9AA8EAB3BC0AEAB8B0EB8C80ED9AA8EAB3BC',X'6B72',0,NULL,X'4E',X'4E',X'',X'',X'',X'61646D696E','2019-10-06 13:51:58',X'61646D696E','2019-10-06 14:29:42',NULL,NULL,NULL,NULL,NULL,NULL,NULL,NULL,NULL,NULL,NULL,NULL,NULL,NULL,NULL,X'ECB59CECA784ED98B8',NULL,X'73746576654073746576656E636F72702E636F6D'),
	(12,4,X'E69687ECA095EAB68C20EAB2BDECA09CEC8BA4ECA09520ECA795EBB984EBA19D28E687B2E6AF96E98C842933',X'EC97ACEC9D98EB8F84EC97B0EAB5ACEC9B90',X'323031392E30392E3236',5,X'3C7072653E0AEC97ACEC9D98EB8F8420EC97B0EAB5ACEC9B90EC9790EC849CEB8A9420ECBD98EB9DBCEB939C20EC9584EB8DB0EB8298EC9B8C20EC9EACEB8BA820ED959CEAB5ADEC82ACEBACB4EC868CEC998020ED95A8EABB9820EC84B8EBAFB8EB8298EBA5BC20EAB09CECB59CED9598EAB3A0EC9E9020ED95A9EB8B88EB8BA42E20EB8F85EC9DBCEC9D8020ECB2B4EAB384ECA081EC9DB820EC8B9CEBAFBCECA095ECB99820EAB590EC9CA1EC9CBCEBA19C20EC9CA0EBAA85ED959CEB8DB02C20EC9CA0EB8584EC8B9CECA088EBB680ED84B020EBB09BEC9D8020ECA095ECB998EAB590EC9CA1EC9D8420EC96B4EB96BBEAB28C20ECA095ECB998ED9884EC9EA5EC9790EC849C20EC8BA4ECB29CED9598EAB3A020EC9E88EB8A94ECA7802C20ECB2ADEB858420ECA095ECB998EC9DB8EB93A4EC9D8020ECA095EB8BB920EB82B4EC9790EC849C2020EC96B4EB96BBEAB28C20ED999CEB8F99ED9598EB8A94ECA780EC979020EB8C80ED95B420EC839DEC839DED959C20ED9884EC9EA5EC9D9820EBAAA9EC868CEBA6ACEBA5BC20EB93A3EAB3A0EC9E9020ED95A9EB8B88EB8BA42E3C2F7072653E0A0A3C7072653E0AEC9790EB9494ED84B0EC979020EB8BA4EC9D8C20EAB8B0EB8AA520EB84A3EC96B4ECA3BCEC84B8EC9A942E0A2D20EC9DB4EBAFB8ECA78020EC82BDEC9E85200A2D20EBA781ED81AC20EC82BDEC9E853C6120687265663D22687474703A2F2F7777772E6E617665722E636F6D223EEBA781ED81ACEC82BDEC9E853C2F613E0A2D203C7374726F6E673EEAB5B5EC9D8028426F6C642920EAB880EC94A83C2F7374726F6E673E0A2D20EC9DB4EBAAA8ECA78028456D6F6A69293C696D6720616C743D2277696E6B22207372633D22687474703A2F2F6C6F63616C686F73743A333033302F636B656469746F722F706C7567696E732F736D696C65792F696D616765732F77696E6B5F736D696C652E706E6722207374796C653D226865696768743A323370783B2077696474683A3233707822207469746C653D2277696E6B22202F3E3C2F7072653E0A0A3C703E3C696D6720616C743D2222207372633D22687474703A2F2F6C6F63616C686F73743A333033302F75706C6F61642F626F6172642F313536393430343839363739372E6A70656722207374796C653D226865696768743A35323070783B2077696474683A333830707822202F3E3C2F703E0A',NULL,NULL,X'6B72',0,NULL,X'4E',X'4E',X'313536393430343839363739372E6A706567',X'74656D705F636F7665722E6A7067',X'2F75706C6F61642F626F6172642F313536393430343839363739372E6A706567',X'61646D696E','2019-09-24 14:47:10',X'61646D696E','2019-09-26 16:19:04',NULL,NULL,X'C2B7E69687ECA095EAB68C2032EB858420EC9AB4EB8F99EAB68C20EC9DB4EB8590EC979020EAB087ED9E8C20EB8C80ED959CEBAFBCEAB5AD20EAB2BDECA09C',X'C2B7E69687ECA095EAB68C2032EB858420ED959CEAB5ADEAB2BDECA09C20ECB0B8EC8381',X'C2B7EC9584EBA788ECB694EC96B420ECA095EAB68CEC9D9820EAB2BDECA09CEC9DB8EC8B9D20ECA3BCEC9A94EBB09CEC96B8EBA19D',X'EBB2A0ED8AB8EB82A820EBAFB8EBB681ED9A8CEB8BB420E28098EB85B8EB949CE280993A20EC9B90EC9DB82C20ED8F89EAB0802C20ECA084EBA79D',X'EBB2A0ED8AB8EB82A820EBAFB8EBB681ED9A8CEB8BB420E28098EB85B8EB949CE280993A20EC9B90EC9DB82C20ED8F89EAB0802C20ECA084EBA79D',X'59',NULL,NULL,NULL,NULL,NULL,NULL,NULL,NULL,NULL,NULL),
	(13,9,X'EC9E90EC9CA0EAB28CEC8B9CED8C9020ED858CEC8AA4ED8AB83131',NULL,NULL,NULL,X'3C703EED858CEC8AA4ED8AB8EC9E85EB8B88EB8BA42E3C2F703E0A0A3C703E266E6273703B3C2F703E0A0A3C703EEC9E90EC9CA0EAB28CEC8B9CED8C902121E384B9E384B9E384B93C2F703E0A0A3C703EED8CA8EC8AA4EC9B8CEB939CEB8A9420EBB380EAB2BD20EC9588EB8C80EC9A947E3C2F703E0A',NULL,NULL,X'6B72',0,NULL,X'4E',X'4E',X'',X'',X'',X'61646D696E','2019-10-06 14:40:02',X'61646D696E','2019-10-06 14:48:22',NULL,NULL,NULL,NULL,NULL,NULL,NULL,NULL,NULL,NULL,NULL,NULL,NULL,NULL,NULL,X'ECB59CECA784ED98B83131',X'2A41344236313537333139303338373234453335363038393446374639333243383838364542464346',NULL),
	(14,5,X'EAB3B5ECA780EC82ACED95AD20ED858CEC8AA4ED8AB8',NULL,X'323031392E31302E3038',9,X'3C703EEAB3B5ECA780EC82ACED95ADEC9E85EB8B88EB8BA42E3C2F703E0A0A3C703E266E6273703B3C2F703E0A0A3C703EED9598ED9598ED9598ED9598ED95983C2F703E0A0A3C703EED9598ED9598ED9598ED9598ED95983C6272202F3E0AED9598ED9598ED9598ED9598ED95983232323C2F703E0A',NULL,NULL,X'6B72',0,NULL,X'4E',X'4E',X'',X'',X'',X'61646D696E','2019-10-06 11:30:23',X'61646D696E','2019-10-06 13:10:34',NULL,NULL,NULL,NULL,NULL,NULL,NULL,X'4E',NULL,NULL,NULL,NULL,NULL,NULL,NULL,NULL,NULL,NULL),
	(15,6,X'EC96B8EBA1A0EBB3B4EB8F8420ED858CEC8AA4ED8AB8',NULL,X'323031392E31302E3033',11,X'3C703EEC96B8EBA1A0EBB3B4EB8F8420ED858CEC8AA4ED8AB8EC9E85EB8B88EB8BA4213C2F703E0A0A3C703E266E6273703B3C2F703E0A0A3C703E266E6273703B3C2F703E0A',NULL,NULL,X'6B72',0,NULL,X'4E',X'4E',X'313537303333353039353338392E6A706567',X'696D675F6D656469612E6A7067',X'2F75706C6F61642F626F6172642F313537303333353039353338392E6A706567',X'61646D696E','2019-10-06 13:11:35',X'61646D696E','2019-10-06 13:11:35',NULL,NULL,NULL,NULL,NULL,NULL,NULL,NULL,NULL,NULL,NULL,NULL,NULL,NULL,NULL,NULL,NULL,NULL),
	(16,7,X'EC9DBCECA09520ED858CEC8AA4ED8AB8',X'EC9EA5EC868CEC9E85EB8B88EB8BA42E',NULL,NULL,X'3C703EEC9DBCECA09520ED858CEC8AA4ED8AB8EC9E85EB8B88EB8BA42E3C2F703E0A0A3C703E266E6273703B3C2F703E0A0A3C703EED9598ED9598ED9598ED9598ED9598ED95983C2F703E0A',NULL,NULL,X'6B72',0,NULL,X'4E',X'4E',X'',X'',X'',X'61646D696E','2019-10-06 13:12:16',X'61646D696E','2019-10-14 18:11:20',NULL,NULL,NULL,NULL,NULL,NULL,NULL,NULL,X'323031392E31302E3036',X'323031392E31302E3036',X'30303A3030',X'32333A3539',X'687474703A2F2F7777772E6E617665722E636F6D',NULL,NULL,NULL,NULL,NULL),
	(17,8,X'ECA095ECB185ECA09CEC958820ED858CEC8AA4ED8AB8',NULL,NULL,15,X'ECA095ECB185ECA09CEC9588EBB0B0EAB2BD20EBB08F20ED9584EC9A94EC84B10AECA095ECB185ECA09CEC9588EBB0B0EAB2BD20EBB08F20ED9584EC9A94EC84B10AECA095ECB185ECA09CEC9588EBB0B0EAB2BD20EBB08F20ED9584EC9A94EC84B1',X'ECA3BCEC9A94EC97B0EAB5ACEB82B4EC9AA90AECA3BCEC9A94EC97B0EAB5ACEB82B4EC9AA90AECA3BCEC9A94EC97B0EAB5ACEB82B4EC9AA9',X'EAB8B0EB8C80ED9AA8EAB3BC0AEAB8B0EB8C80ED9AA8EAB3BC0AEAB8B0EB8C80ED9AA8EAB3BC',X'6B72',0,NULL,X'4E',X'4E',X'',X'',X'',X'61646D696E','2019-10-06 13:51:58',X'61646D696E','2019-10-06 14:29:42',NULL,NULL,NULL,NULL,NULL,NULL,NULL,NULL,NULL,NULL,NULL,NULL,NULL,NULL,NULL,X'ECB59CECA784ED98B8',NULL,X'73746576654073746576656E636F72702E636F6D'),
	(18,1,X'E69687ECA095EAB68C20EAB2BDECA09CEC8BA4ECA09520ECA795EBB984EBA19D28E687B2E6AF96E98C842933',X'EC97ACEC9D98EB8F84EC97B0EAB5ACEC9B90',X'323031392E30392E3236',6,X'3C7072653E0AEC97ACEC9D98EB8F8420EC97B0EAB5ACEC9B90EC9790EC849CEB8A9420ECBD98EB9DBCEB939C20EC9584EB8DB0EB8298EC9B8C20EC9EACEB8BA820ED959CEAB5ADEC82ACEBACB4EC868CEC998020ED95A8EABB9820EC84B8EBAFB8EB8298EBA5BC20EAB09CECB59CED9598EAB3A0EC9E9020ED95A9EB8B88EB8BA42E20EB8F85EC9DBCEC9D8020ECB2B4EAB384ECA081EC9DB820EC8B9CEBAFBCECA095ECB99820EAB590EC9CA1EC9CBCEBA19C20EC9CA0EBAA85ED959CEB8DB02C20EC9CA0EB8584EC8B9CECA088EBB680ED84B020EBB09BEC9D8020ECA095ECB998EAB590EC9CA1EC9D8420EC96B4EB96BBEAB28C20ECA095ECB998ED9884EC9EA5EC9790EC849C20EC8BA4ECB29CED9598EAB3A020EC9E88EB8A94ECA7802C20ECB2ADEB858420ECA095ECB998EC9DB8EB93A4EC9D8020ECA095EB8BB920EB82B4EC9790EC849C2020EC96B4EB96BBEAB28C20ED999CEB8F99ED9598EB8A94ECA780EC979020EB8C80ED95B420EC839DEC839DED959C20ED9884EC9EA5EC9D9820EBAAA9EC868CEBA6ACEBA5BC20EB93A3EAB3A0EC9E9020ED95A9EB8B88EB8BA42E3C2F7072653E0A0A3C7072653E0AEC9790EB9494ED84B0EC979020EB8BA4EC9D8C20EAB8B0EB8AA520EB84A3EC96B4ECA3BCEC84B8EC9A942E0A2D20EC9DB4EBAFB8ECA78020EC82BDEC9E85200A2D20EBA781ED81AC20EC82BDEC9E853C6120687265663D22687474703A2F2F7777772E6E617665722E636F6D223EEBA781ED81ACEC82BDEC9E853C2F613E0A2D203C7374726F6E673EEAB5B5EC9D8028426F6C642920EAB880EC94A83C2F7374726F6E673E0A2D20EC9DB4EBAAA8ECA78028456D6F6A69293C696D6720616C743D2277696E6B22207372633D22687474703A2F2F6C6F63616C686F73743A333033302F636B656469746F722F706C7567696E732F736D696C65792F696D616765732F77696E6B5F736D696C652E706E6722207374796C653D226865696768743A323370783B2077696474683A3233707822207469746C653D2277696E6B22202F3E3C2F7072653E0A0A3C703E3C696D6720616C743D2222207372633D22687474703A2F2F6C6F63616C686F73743A333033302F75706C6F61642F626F6172642F313536393430343839363739372E6A70656722207374796C653D226865696768743A35323070783B2077696474683A333830707822202F3E3C2F703E0A',NULL,NULL,X'6B72',0,NULL,X'4E',X'4E',X'313536393430343839363739372E6A706567',X'74656D705F636F7665722E6A7067',X'2F75706C6F61642F626F6172642F313536393430343839363739372E6A706567',X'61646D696E','2019-09-24 14:45:10',X'61646D696E','2019-09-26 16:19:04',NULL,NULL,X'C2B7E69687ECA095EAB68C2032EB858420EC9AB4EB8F99EAB68C20EC9DB4EB8590EC979020EAB087ED9E8C20EB8C80ED959CEBAFBCEAB5AD20EAB2BDECA09C',X'C2B7E69687ECA095EAB68C2032EB858420ED959CEAB5ADEAB2BDECA09C20ECB0B8EC8381',X'C2B7EC9584EBA788ECB694EC96B420ECA095EAB68CEC9D9820EAB2BDECA09CEC9DB8EC8B9D20ECA3BCEC9A94EBB09CEC96B8EBA19D',X'EBB2A0ED8AB8EB82A820EBAFB8EBB681ED9A8CEB8BB420E28098EB85B8EB949CE280993A20EC9B90EC9DB82C20ED8F89EAB0802C20ECA084EBA79D',X'EBB2A0ED8AB8EB82A820EBAFB8EBB681ED9A8CEB8BB420E28098EB85B8EB949CE280993A20EC9B90EC9DB82C20ED8F89EAB0802C20ECA084EBA79D',X'59',NULL,NULL,NULL,NULL,NULL,NULL,NULL,NULL,NULL,NULL),
	(19,3,X'E69687ECA095EAB68C20EAB2BDECA09CEC8BA4ECA09520ECA795EBB984EBA19D28E687B2E6AF96E98C842933',X'EC97ACEC9D98EB8F84EC97B0EAB5ACEC9B90',X'323031392E30392E3236',7,X'3C7072653E0AEC97ACEC9D98EB8F8420EC97B0EAB5ACEC9B90EC9790EC849CEB8A9420ECBD98EB9DBCEB939C20EC9584EB8DB0EB8298EC9B8C20EC9EACEB8BA820ED959CEAB5ADEC82ACEBACB4EC868CEC998020ED95A8EABB9820EC84B8EBAFB8EB8298EBA5BC20EAB09CECB59CED9598EAB3A0EC9E9020ED95A9EB8B88EB8BA42E20EB8F85EC9DBCEC9D8020ECB2B4EAB384ECA081EC9DB820EC8B9CEBAFBCECA095ECB99820EAB590EC9CA1EC9CBCEBA19C20EC9CA0EBAA85ED959CEB8DB02C20EC9CA0EB8584EC8B9CECA088EBB680ED84B020EBB09BEC9D8020ECA095ECB998EAB590EC9CA1EC9D8420EC96B4EB96BBEAB28C20ECA095ECB998ED9884EC9EA5EC9790EC849C20EC8BA4ECB29CED9598EAB3A020EC9E88EB8A94ECA7802C20ECB2ADEB858420ECA095ECB998EC9DB8EB93A4EC9D8020ECA095EB8BB920EB82B4EC9790EC849C2020EC96B4EB96BBEAB28C20ED999CEB8F99ED9598EB8A94ECA780EC979020EB8C80ED95B420EC839DEC839DED959C20ED9884EC9EA5EC9D9820EBAAA9EC868CEBA6ACEBA5BC20EB93A3EAB3A0EC9E9020ED95A9EB8B88EB8BA42E3C2F7072653E0A0A3C7072653E0AEC9790EB9494ED84B0EC979020EB8BA4EC9D8C20EAB8B0EB8AA520EB84A3EC96B4ECA3BCEC84B8EC9A942E0A2D20EC9DB4EBAFB8ECA78020EC82BDEC9E85200A2D20EBA781ED81AC20EC82BDEC9E853C6120687265663D22687474703A2F2F7777772E6E617665722E636F6D223EEBA781ED81ACEC82BDEC9E853C2F613E0A2D203C7374726F6E673EEAB5B5EC9D8028426F6C642920EAB880EC94A83C2F7374726F6E673E0A2D20EC9DB4EBAAA8ECA78028456D6F6A69293C696D6720616C743D2277696E6B22207372633D22687474703A2F2F6C6F63616C686F73743A333033302F636B656469746F722F706C7567696E732F736D696C65792F696D616765732F77696E6B5F736D696C652E706E6722207374796C653D226865696768743A323370783B2077696474683A3233707822207469746C653D2277696E6B22202F3E3C2F7072653E0A0A3C703E3C696D6720616C743D2222207372633D22687474703A2F2F6C6F63616C686F73743A333033302F75706C6F61642F626F6172642F313536393430343839363739372E6A70656722207374796C653D226865696768743A35323070783B2077696474683A333830707822202F3E3C2F703E0A',NULL,NULL,X'6B72',0,NULL,X'4E',X'4E',X'313536393430343839363739372E6A706567',X'74656D705F636F7665722E6A7067',X'2F75706C6F61642F626F6172642F313536393430343839363739372E6A706567',X'61646D696E','2019-09-24 14:47:10',X'61646D696E','2019-09-26 16:19:04',NULL,NULL,X'C2B7E69687ECA095EAB68C2032EB858420EC9AB4EB8F99EAB68C20EC9DB4EB8590EC979020EAB087ED9E8C20EB8C80ED959CEBAFBCEAB5AD20EAB2BDECA09C',X'C2B7E69687ECA095EAB68C2032EB858420ED959CEAB5ADEAB2BDECA09C20ECB0B8EC8381',X'C2B7EC9584EBA788ECB694EC96B420ECA095EAB68CEC9D9820EAB2BDECA09CEC9DB8EC8B9D20ECA3BCEC9A94EBB09CEC96B8EBA19D',X'EBB2A0ED8AB8EB82A820EBAFB8EBB681ED9A8CEB8BB420E28098EB85B8EB949CE280993A20EC9B90EC9DB82C20ED8F89EAB0802C20ECA084EBA79D',X'EBB2A0ED8AB8EB82A820EBAFB8EBB681ED9A8CEB8BB420E28098EB85B8EB949CE280993A20EC9B90EC9DB82C20ED8F89EAB0802C20ECA084EBA79D',X'59',NULL,NULL,NULL,NULL,NULL,NULL,NULL,NULL,NULL,NULL),
	(20,1,X'E69687ECA095EAB68C20EAB2BDECA09CEC8BA4ECA09520ECA795EBB984EBA19D28E687B2E6AF96E98C842933',X'EC97ACEC9D98EB8F84EC97B0EAB5ACEC9B90',X'323031392E30392E3236',6,X'3C7072653E0AEC97ACEC9D98EB8F8420EC97B0EAB5ACEC9B90EC9790EC849CEB8A9420ECBD98EB9DBCEB939C20EC9584EB8DB0EB8298EC9B8C20EC9EACEB8BA820ED959CEAB5ADEC82ACEBACB4EC868CEC998020ED95A8EABB9820EC84B8EBAFB8EB8298EBA5BC20EAB09CECB59CED9598EAB3A0EC9E9020ED95A9EB8B88EB8BA42E20EB8F85EC9DBCEC9D8020ECB2B4EAB384ECA081EC9DB820EC8B9CEBAFBCECA095ECB99820EAB590EC9CA1EC9CBCEBA19C20EC9CA0EBAA85ED959CEB8DB02C20EC9CA0EB8584EC8B9CECA088EBB680ED84B020EBB09BEC9D8020ECA095ECB998EAB590EC9CA1EC9D8420EC96B4EB96BBEAB28C20ECA095ECB998ED9884EC9EA5EC9790EC849C20EC8BA4ECB29CED9598EAB3A020EC9E88EB8A94ECA7802C20ECB2ADEB858420ECA095ECB998EC9DB8EB93A4EC9D8020ECA095EB8BB920EB82B4EC9790EC849C2020EC96B4EB96BBEAB28C20ED999CEB8F99ED9598EB8A94ECA780EC979020EB8C80ED95B420EC839DEC839DED959C20ED9884EC9EA5EC9D9820EBAAA9EC868CEBA6ACEBA5BC20EB93A3EAB3A0EC9E9020ED95A9EB8B88EB8BA42E3C2F7072653E0A0A3C7072653E0AEC9790EB9494ED84B0EC979020EB8BA4EC9D8C20EAB8B0EB8AA520EB84A3EC96B4ECA3BCEC84B8EC9A942E0A2D20EC9DB4EBAFB8ECA78020EC82BDEC9E85200A2D20EBA781ED81AC20EC82BDEC9E853C6120687265663D22687474703A2F2F7777772E6E617665722E636F6D223EEBA781ED81ACEC82BDEC9E853C2F613E0A2D203C7374726F6E673EEAB5B5EC9D8028426F6C642920EAB880EC94A83C2F7374726F6E673E0A2D20EC9DB4EBAAA8ECA78028456D6F6A69293C696D6720616C743D2277696E6B22207372633D22687474703A2F2F6C6F63616C686F73743A333033302F636B656469746F722F706C7567696E732F736D696C65792F696D616765732F77696E6B5F736D696C652E706E6722207374796C653D226865696768743A323370783B2077696474683A3233707822207469746C653D2277696E6B22202F3E3C2F7072653E0A0A3C703E3C696D6720616C743D2222207372633D22687474703A2F2F6C6F63616C686F73743A333033302F75706C6F61642F626F6172642F313536393430343839363739372E6A70656722207374796C653D226865696768743A35323070783B2077696474683A333830707822202F3E3C2F703E0A',NULL,NULL,X'6B72',0,NULL,X'4E',X'4E',X'313536393430343839363739372E6A706567',X'74656D705F636F7665722E6A7067',X'2F75706C6F61642F626F6172642F313536393430343839363739372E6A706567',X'61646D696E','2019-09-24 14:47:10',X'61646D696E','2019-09-26 16:22:04',NULL,NULL,X'C2B7E69687ECA095EAB68C2032EB858420EC9AB4EB8F99EAB68C20EC9DB4EB8590EC979020EAB087ED9E8C20EB8C80ED959CEBAFBCEAB5AD20EAB2BDECA09C',X'C2B7E69687ECA095EAB68C2032EB858420ED959CEAB5ADEAB2BDECA09C20ECB0B8EC8381',X'C2B7EC9584EBA788ECB694EC96B420ECA095EAB68CEC9D9820EAB2BDECA09CEC9DB8EC8B9D20ECA3BCEC9A94EBB09CEC96B8EBA19D',X'EBB2A0ED8AB8EB82A820EBAFB8EBB681ED9A8CEB8BB420E28098EB85B8EB949CE280993A20EC9B90EC9DB82C20ED8F89EAB0802C20ECA084EBA79D',X'EBB2A0ED8AB8EB82A820EBAFB8EBB681ED9A8CEB8BB420E28098EB85B8EB949CE280993A20EC9B90EC9DB82C20ED8F89EAB0802C20ECA084EBA79D',X'59',NULL,NULL,NULL,NULL,NULL,NULL,NULL,NULL,NULL,NULL),
	(21,3,X'E69687ECA095EAB68C20EAB2BDECA09CEC8BA4ECA09520ECA795EBB984EBA19D28E687B2E6AF96E98C842933',X'EC97ACEC9D98EB8F84EC97B0EAB5ACEC9B90',X'323031392E30392E3236',7,X'3C7072653E0AEC97ACEC9D98EB8F8420EC97B0EAB5ACEC9B90EC9790EC849CEB8A9420ECBD98EB9DBCEB939C20EC9584EB8DB0EB8298EC9B8C20EC9EACEB8BA820ED959CEAB5ADEC82ACEBACB4EC868CEC998020ED95A8EABB9820EC84B8EBAFB8EB8298EBA5BC20EAB09CECB59CED9598EAB3A0EC9E9020ED95A9EB8B88EB8BA42E20EB8F85EC9DBCEC9D8020ECB2B4EAB384ECA081EC9DB820EC8B9CEBAFBCECA095ECB99820EAB590EC9CA1EC9CBCEBA19C20EC9CA0EBAA85ED959CEB8DB02C20EC9CA0EB8584EC8B9CECA088EBB680ED84B020EBB09BEC9D8020ECA095ECB998EAB590EC9CA1EC9D8420EC96B4EB96BBEAB28C20ECA095ECB998ED9884EC9EA5EC9790EC849C20EC8BA4ECB29CED9598EAB3A020EC9E88EB8A94ECA7802C20ECB2ADEB858420ECA095ECB998EC9DB8EB93A4EC9D8020ECA095EB8BB920EB82B4EC9790EC849C2020EC96B4EB96BBEAB28C20ED999CEB8F99ED9598EB8A94ECA780EC979020EB8C80ED95B420EC839DEC839DED959C20ED9884EC9EA5EC9D9820EBAAA9EC868CEBA6ACEBA5BC20EB93A3EAB3A0EC9E9020ED95A9EB8B88EB8BA42E3C2F7072653E0A0A3C7072653E0AEC9790EB9494ED84B0EC979020EB8BA4EC9D8C20EAB8B0EB8AA520EB84A3EC96B4ECA3BCEC84B8EC9A942E0A2D20EC9DB4EBAFB8ECA78020EC82BDEC9E85200A2D20EBA781ED81AC20EC82BDEC9E853C6120687265663D22687474703A2F2F7777772E6E617665722E636F6D223EEBA781ED81ACEC82BDEC9E853C2F613E0A2D203C7374726F6E673EEAB5B5EC9D8028426F6C642920EAB880EC94A83C2F7374726F6E673E0A2D20EC9DB4EBAAA8ECA78028456D6F6A69293C696D6720616C743D2277696E6B22207372633D22687474703A2F2F6C6F63616C686F73743A333033302F636B656469746F722F706C7567696E732F736D696C65792F696D616765732F77696E6B5F736D696C652E706E6722207374796C653D226865696768743A323370783B2077696474683A3233707822207469746C653D2277696E6B22202F3E3C2F7072653E0A0A3C703E3C696D6720616C743D2222207372633D22687474703A2F2F6C6F63616C686F73743A333033302F75706C6F61642F626F6172642F313536393430343839363739372E6A70656722207374796C653D226865696768743A35323070783B2077696474683A333830707822202F3E3C2F703E0A',NULL,NULL,X'6B72',0,NULL,X'4E',X'4E',X'313536393430343839363739372E6A706567',X'74656D705F636F7665722E6A7067',X'2F75706C6F61642F626F6172642F313536393430343839363739372E6A706567',X'61646D696E','2019-09-24 14:47:10',X'61646D696E','2019-09-26 16:19:04',NULL,NULL,X'C2B7E69687ECA095EAB68C2032EB858420EC9AB4EB8F99EAB68C20EC9DB4EB8590EC979020EAB087ED9E8C20EB8C80ED959CEBAFBCEAB5AD20EAB2BDECA09C',X'C2B7E69687ECA095EAB68C2032EB858420ED959CEAB5ADEAB2BDECA09C20ECB0B8EC8381',X'C2B7EC9584EBA788ECB694EC96B420ECA095EAB68CEC9D9820EAB2BDECA09CEC9DB8EC8B9D20ECA3BCEC9A94EBB09CEC96B8EBA19D',X'EBB2A0ED8AB8EB82A820EBAFB8EBB681ED9A8CEB8BB420E28098EB85B8EB949CE280993A20EC9B90EC9DB82C20ED8F89EAB0802C20ECA084EBA79D',X'EBB2A0ED8AB8EB82A820EBAFB8EBB681ED9A8CEB8BB420E28098EB85B8EB949CE280993A20EC9B90EC9DB82C20ED8F89EAB0802C20ECA084EBA79D',X'59',NULL,NULL,NULL,NULL,NULL,NULL,NULL,NULL,NULL,NULL),
	(22,1,X'E69687ECA095EAB68C20EAB2BDECA09CEC8BA4ECA09520ECA795EBB984EBA19D28E687B2E6AF96E98C842933',X'EC97ACEC9D98EB8F84EC97B0EAB5ACEC9B90',X'323031392E30392E3236',6,X'3C7072653E0AEC97ACEC9D98EB8F8420EC97B0EAB5ACEC9B90EC9790EC849CEB8A9420ECBD98EB9DBCEB939C20EC9584EB8DB0EB8298EC9B8C20EC9EACEB8BA820ED959CEAB5ADEC82ACEBACB4EC868CEC998020ED95A8EABB9820EC84B8EBAFB8EB8298EBA5BC20EAB09CECB59CED9598EAB3A0EC9E9020ED95A9EB8B88EB8BA42E20EB8F85EC9DBCEC9D8020ECB2B4EAB384ECA081EC9DB820EC8B9CEBAFBCECA095ECB99820EAB590EC9CA1EC9CBCEBA19C20EC9CA0EBAA85ED959CEB8DB02C20EC9CA0EB8584EC8B9CECA088EBB680ED84B020EBB09BEC9D8020ECA095ECB998EAB590EC9CA1EC9D8420EC96B4EB96BBEAB28C20ECA095ECB998ED9884EC9EA5EC9790EC849C20EC8BA4ECB29CED9598EAB3A020EC9E88EB8A94ECA7802C20ECB2ADEB858420ECA095ECB998EC9DB8EB93A4EC9D8020ECA095EB8BB920EB82B4EC9790EC849C2020EC96B4EB96BBEAB28C20ED999CEB8F99ED9598EB8A94ECA780EC979020EB8C80ED95B420EC839DEC839DED959C20ED9884EC9EA5EC9D9820EBAAA9EC868CEBA6ACEBA5BC20EB93A3EAB3A0EC9E9020ED95A9EB8B88EB8BA42E3C2F7072653E0A0A3C7072653E0AEC9790EB9494ED84B0EC979020EB8BA4EC9D8C20EAB8B0EB8AA520EB84A3EC96B4ECA3BCEC84B8EC9A942E0A2D20EC9DB4EBAFB8ECA78020EC82BDEC9E85200A2D20EBA781ED81AC20EC82BDEC9E853C6120687265663D22687474703A2F2F7777772E6E617665722E636F6D223EEBA781ED81ACEC82BDEC9E853C2F613E0A2D203C7374726F6E673EEAB5B5EC9D8028426F6C642920EAB880EC94A83C2F7374726F6E673E0A2D20EC9DB4EBAAA8ECA78028456D6F6A69293C696D6720616C743D2277696E6B22207372633D22687474703A2F2F6C6F63616C686F73743A333033302F636B656469746F722F706C7567696E732F736D696C65792F696D616765732F77696E6B5F736D696C652E706E6722207374796C653D226865696768743A323370783B2077696474683A3233707822207469746C653D2277696E6B22202F3E3C2F7072653E0A0A3C703E3C696D6720616C743D2222207372633D22687474703A2F2F6C6F63616C686F73743A333033302F75706C6F61642F626F6172642F313536393430343839363739372E6A70656722207374796C653D226865696768743A35323070783B2077696474683A333830707822202F3E3C2F703E0A',NULL,NULL,X'6B72',0,NULL,X'4E',X'4E',X'313536393430343839363739372E6A706567',X'74656D705F636F7665722E6A7067',X'2F75706C6F61642F626F6172642F313536393430343839363739372E6A706567',X'61646D696E','2019-09-24 14:47:10',X'61646D696E','2019-09-26 16:19:04',NULL,NULL,X'C2B7E69687ECA095EAB68C2032EB858420EC9AB4EB8F99EAB68C20EC9DB4EB8590EC979020EAB087ED9E8C20EB8C80ED959CEBAFBCEAB5AD20EAB2BDECA09C',X'C2B7E69687ECA095EAB68C2032EB858420ED959CEAB5ADEAB2BDECA09C20ECB0B8EC8381',X'C2B7EC9584EBA788ECB694EC96B420ECA095EAB68CEC9D9820EAB2BDECA09CEC9DB8EC8B9D20ECA3BCEC9A94EBB09CEC96B8EBA19D',X'EBB2A0ED8AB8EB82A820EBAFB8EBB681ED9A8CEB8BB420E28098EB85B8EB949CE280993A20EC9B90EC9DB82C20ED8F89EAB0802C20ECA084EBA79D',X'EBB2A0ED8AB8EB82A820EBAFB8EBB681ED9A8CEB8BB420E28098EB85B8EB949CE280993A20EC9B90EC9DB82C20ED8F89EAB0802C20ECA084EBA79D',X'59',NULL,NULL,NULL,NULL,NULL,NULL,NULL,NULL,NULL,NULL),
	(23,1,X'E69687ECA095EAB68C20EAB2BDECA09CEC8BA4ECA09520ECA795EBB984EBA19D28E687B2E6AF96E98C842933',X'EC97ACEC9D98EB8F84EC97B0EAB5ACEC9B90',X'323031392E30392E3236',6,X'3C7072653E0A3C696D6720616C743D2222207372633D222F75706C6F61642F626F6172642F313537313732343430333633382E6A70656722207374796C653D226865696768743A3238363870783B2077696474683A31343430707822202F3EEC97ACEC9D98EB8F8420EC97B0EAB5ACEC9B90EC9790EC849CEB8A9420ECBD98EB9DBCEB939C20EC9584EB8DB0EB8298EC9B8C20EC9EACEB8BA820ED959CEAB5ADEC82ACEBACB4EC868CEC998020ED95A8EABB9820EC84B8EBAFB8EB8298EBA5BC20EAB09CECB59CED9598EAB3A0EC9E9020ED95A9EB8B88EB8BA42E20EB8F85EC9DBCEC9D8020ECB2B4EAB384ECA081EC9DB820EC8B9CEBAFBCECA095ECB99820EAB590EC9CA1EC9CBCEBA19C20EC9CA0EBAA85ED959CEB8DB02C20EC9CA0EB8584EC8B9CECA088EBB680ED84B020EBB09BEC9D8020ECA095ECB998EAB590EC9CA1EC9D8420EC96B4EB96BBEAB28C20ECA095ECB998ED9884EC9EA5EC9790EC849C20EC8BA4ECB29CED9598EAB3A020EC9E88EB8A94ECA7802C20ECB2ADEB858420ECA095ECB998EC9DB8EB93A4EC9D8020ECA095EB8BB920EB82B4EC9790EC849C2020EC96B4EB96BBEAB28C20ED999CEB8F99ED9598EB8A94ECA780EC979020EB8C80ED95B420EC839DEC839DED959C20ED9884EC9EA5EC9D9820EBAAA9EC868CEBA6ACEBA5BC20EB93A3EAB3A0EC9E9020ED95A9EB8B88EB8BA42E3C2F7072653E0A0A3C7072653E0AEC9790EB9494ED84B0EC979020EB8BA4EC9D8C20EAB8B0EB8AA520EB84A3EC96B4ECA3BCEC84B8EC9A942E0A2D20EC9DB4EBAFB8ECA78020EC82BDEC9E85200A2D20EBA781ED81AC20EC82BDEC9E853C6120687265663D22687474703A2F2F7777772E6E617665722E636F6D223EEBA781ED81ACEC82BDEC9E853C2F613E0A2D203C7374726F6E673EEAB5B5EC9D8028426F6C642920EAB880EC94A83C2F7374726F6E673E0A2D20EC9DB4EBAAA8ECA78028456D6F6A69293C696D6720616C743D2277696E6B22207372633D22687474703A2F2F6C6F63616C686F73743A333033302F636B656469746F722F706C7567696E732F736D696C65792F696D616765732F77696E6B5F736D696C652E706E6722207374796C653D226865696768743A323370783B2077696474683A3233707822207469746C653D2277696E6B22202F3E3C2F7072653E0A0A3C703E3C696D6720616C743D2222207372633D22687474703A2F2F6C6F63616C686F73743A333033302F75706C6F61642F626F6172642F313536393430343839363739372E6A70656722207374796C653D226865696768743A35323070783B2077696474683A333830707822202F3E3C2F703E0A',NULL,NULL,X'6B72',0,NULL,X'4E',X'4E',X'313536393430343839363739372E6A706567',X'74656D705F636F7665722E6A7067',X'2F75706C6F61642F626F6172642F313536393430343839363739372E6A706567',X'61646D696E','2019-09-24 14:47:10',X'61646D696E','2019-10-22 15:07:35',NULL,NULL,X'C2B7E69687ECA095EAB68C2032EB858420EC9AB4EB8F99EAB68C20EC9DB4EB8590EC979020EAB087ED9E8C20EB8C80ED959CEBAFBCEAB5AD20EAB2BDECA09C',X'C2B7E69687ECA095EAB68C2032EB858420ED959CEAB5ADEAB2BDECA09C20ECB0B8EC8381',X'C2B7EC9584EBA788ECB694EC96B420ECA095EAB68CEC9D9820EAB2BDECA09CEC9DB8EC8B9D20ECA3BCEC9A94EBB09CEC96B8EBA19D',X'EBB2A0ED8AB8EB82A820EBAFB8EBB681ED9A8CEB8BB420E28098EB85B8EB949CE280993A20EC9B90EC9DB82C20ED8F89EAB0802C20ECA084EBA79D',X'EBB2A0ED8AB8EB82A820EBAFB8EBB681ED9A8CEB8BB420E28098EB85B8EB949CE280993A20EC9B90EC9DB82C20ED8F89EAB0802C20ECA084EBA79D',X'59',NULL,NULL,NULL,NULL,NULL,NULL,NULL,NULL,NULL,NULL),
	(24,2,X'E69687ECA095EAB68C20EAB2BDECA09CEC8BA4ECA09520ECA795EBB984EBA19D28E687B2E6AF96E98C84295FEC97B0EAB5ACEBB3B4EAB3A0EC849C31',X'EC97ACEC9D98EB8F84EC97B0EAB5ACEC9B90',X'323031392E30392E3236',1,X'3C7072653E0AEC97ACEC9D98EB8F8420EC97B0EAB5ACEC9B90EC9790EC849CEB8A9420ECBD98EB9DBCEB939C20EC9584EB8DB0EB8298EC9B8C20EC9EACEB8BA820ED959CEAB5ADEC82ACEBACB4EC868CEC998020ED95A8EABB9820EC84B8EBAFB8EB8298EBA5BC20EAB09CECB59CED9598EAB3A0EC9E9020ED95A9EB8B88EB8BA42E20EB8F85EC9DBCEC9D8020ECB2B4EAB384ECA081EC9DB820EC8B9CEBAFBCECA095ECB99820EAB590EC9CA1EC9CBCEBA19C20EC9CA0EBAA85ED959CEB8DB02C20EC9CA0EB8584EC8B9CECA088EBB680ED84B020EBB09BEC9D8020ECA095ECB998EAB590EC9CA1EC9D8420EC96B4EB96BBEAB28C20ECA095ECB998ED9884EC9EA5EC9790EC849C20EC8BA4ECB29CED9598EAB3A020EC9E88EB8A94ECA7802C20ECB2ADEB858420ECA095ECB998EC9DB8EB93A4EC9D8020ECA095EB8BB920EB82B4EC9790EC849C2020EC96B4EB96BBEAB28C20ED999CEB8F99ED9598EB8A94ECA780EC979020EB8C80ED95B420EC839DEC839DED959C20ED9884EC9EA5EC9D9820EBAAA9EC868CEBA6ACEBA5BC20EB93A3EAB3A0EC9E9020ED95A9EB8B88EB8BA42E3C2F7072653E0A0A3C7072653E0AEC9790EB9494ED84B0EC979020EB8BA4EC9D8C20EAB8B0EB8AA520EB84A3EC96B4ECA3BCEC84B8EC9A942E0A2D20EC9DB4EBAFB8ECA78020EC82BDEC9E85200A2D20EBA781ED81AC20EC82BDEC9E853C6120687265663D22687474703A2F2F7777772E6E617665722E636F6D223EEBA781ED81ACEC82BDEC9E853C2F613E0A2D203C7374726F6E673EEAB5B5EC9D8028426F6C642920EAB880EC94A83C2F7374726F6E673E0A2D20EC9DB4EBAAA8ECA78028456D6F6A69293C696D6720616C743D2277696E6B22207372633D22687474703A2F2F6C6F63616C686F73743A333033302F636B656469746F722F706C7567696E732F736D696C65792F696D616765732F77696E6B5F736D696C652E706E6722207374796C653D226865696768743A323370783B2077696474683A3233707822207469746C653D2277696E6B22202F3E3C2F7072653E0A0A3C703E3C696D6720616C743D2222207372633D22687474703A2F2F6C6F63616C686F73743A333033302F75706C6F61642F626F6172642F313536393430343839363739372E6A70656722207374796C653D226865696768743A35323070783B2077696474683A333830707822202F3E3C2F703E0A',NULL,NULL,X'6B72',0,NULL,X'4E',X'4E',X'313536393430343839363739372E6A706567',X'74656D705F636F7665722E6A7067',X'2F75706C6F61642F626F6172642F313536393430343839363739372E6A706567',X'61646D696E','2019-09-24 14:47:10',X'61646D696E','2019-09-26 16:19:04',NULL,NULL,X'C2B7E69687ECA095EAB68C2032EB858420EC9AB4EB8F99EAB68C20EC9DB4EB8590EC979020EAB087ED9E8C20EB8C80ED959CEBAFBCEAB5AD20EAB2BDECA09C',X'C2B7E69687ECA095EAB68C2032EB858420ED959CEAB5ADEAB2BDECA09C20ECB0B8EC8381',X'C2B7EC9584EBA788ECB694EC96B420ECA095EAB68CEC9D9820EAB2BDECA09CEC9DB8EC8B9D20ECA3BCEC9A94EBB09CEC96B8EBA19D',X'EBB2A0ED8AB8EB82A820EBAFB8EBB681ED9A8CEB8BB420E28098EB85B8EB949CE280993A20EC9B90EC9DB82C20ED8F89EAB0802C20ECA084EBA79D',X'EBB2A0ED8AB8EB82A820EBAFB8EBB681ED9A8CEB8BB420E28098EB85B8EB949CE280993A20EC9B90EC9DB82C20ED8F89EAB0802C20ECA084EBA79D',X'59',NULL,NULL,NULL,NULL,NULL,NULL,NULL,NULL,NULL,NULL),
	(25,2,X'E69687ECA095EAB68C20EAB2BDECA09CEC8BA4ECA09520ECA795EBB984EBA19D28E687B2E6AF96E98C84295FEC97B0EAB5ACEBB3B4EAB3A0EC849C32',X'EC97ACEC9D98EB8F84EC97B0EAB5ACEC9B90',X'323031392E30392E3236',2,X'3C7072653E0AEC97ACEC9D98EB8F8420EC97B0EAB5ACEC9B90EC9790EC849CEB8A9420ECBD98EB9DBCEB939C20EC9584EB8DB0EB8298EC9B8C20EC9EACEB8BA820ED959CEAB5ADEC82ACEBACB4EC868CEC998020ED95A8EABB9820EC84B8EBAFB8EB8298EBA5BC20EAB09CECB59CED9598EAB3A0EC9E9020ED95A9EB8B88EB8BA42E20EB8F85EC9DBCEC9D8020ECB2B4EAB384ECA081EC9DB820EC8B9CEBAFBCECA095ECB99820EAB590EC9CA1EC9CBCEBA19C20EC9CA0EBAA85ED959CEB8DB02C20EC9CA0EB8584EC8B9CECA088EBB680ED84B020EBB09BEC9D8020ECA095ECB998EAB590EC9CA1EC9D8420EC96B4EB96BBEAB28C20ECA095ECB998ED9884EC9EA5EC9790EC849C20EC8BA4ECB29CED9598EAB3A020EC9E88EB8A94ECA7802C20ECB2ADEB858420ECA095ECB998EC9DB8EB93A4EC9D8020ECA095EB8BB920EB82B4EC9790EC849C2020EC96B4EB96BBEAB28C20ED999CEB8F99ED9598EB8A94ECA780EC979020EB8C80ED95B420EC839DEC839DED959C20ED9884EC9EA5EC9D9820EBAAA9EC868CEBA6ACEBA5BC20EB93A3EAB3A0EC9E9020ED95A9EB8B88EB8BA42E3C2F7072653E0A0A3C7072653E0AEC9790EB9494ED84B0EC979020EB8BA4EC9D8C20EAB8B0EB8AA520EB84A3EC96B4ECA3BCEC84B8EC9A942E0A2D20EC9DB4EBAFB8ECA78020EC82BDEC9E85200A2D20EBA781ED81AC20EC82BDEC9E853C6120687265663D22687474703A2F2F7777772E6E617665722E636F6D223EEBA781ED81ACEC82BDEC9E853C2F613E0A2D203C7374726F6E673EEAB5B5EC9D8028426F6C642920EAB880EC94A83C2F7374726F6E673E0A2D20EC9DB4EBAAA8ECA78028456D6F6A69293C696D6720616C743D2277696E6B22207372633D22687474703A2F2F6C6F63616C686F73743A333033302F636B656469746F722F706C7567696E732F736D696C65792F696D616765732F77696E6B5F736D696C652E706E6722207374796C653D226865696768743A323370783B2077696474683A3233707822207469746C653D2277696E6B22202F3E3C2F7072653E0A0A3C703E3C696D6720616C743D2222207372633D22687474703A2F2F6C6F63616C686F73743A333033302F75706C6F61642F626F6172642F313536393430343839363739372E6A70656722207374796C653D226865696768743A35323070783B2077696474683A333830707822202F3E3C2F703E0A',NULL,NULL,X'6B72',0,NULL,X'4E',X'4E',X'313536393430343839363739372E6A706567',X'74656D705F636F7665722E6A7067',X'2F75706C6F61642F626F6172642F313536393430343839363739372E6A706567',X'61646D696E','2019-09-24 14:47:10',X'61646D696E','2019-09-26 16:19:04',NULL,NULL,X'C2B7E69687ECA095EAB68C2032EB858420EC9AB4EB8F99EAB68C20EC9DB4EB8590EC979020EAB087ED9E8C20EB8C80ED959CEBAFBCEAB5AD20EAB2BDECA09C',X'C2B7E69687ECA095EAB68C2032EB858420ED959CEAB5ADEAB2BDECA09C20ECB0B8EC8381',X'C2B7EC9584EBA788ECB694EC96B420ECA095EAB68CEC9D9820EAB2BDECA09CEC9DB8EC8B9D20ECA3BCEC9A94EBB09CEC96B8EBA19D',X'EBB2A0ED8AB8EB82A820EBAFB8EBB681ED9A8CEB8BB420E28098EB85B8EB949CE280993A20EC9B90EC9DB82C20ED8F89EAB0802C20ECA084EBA79D',X'EBB2A0ED8AB8EB82A820EBAFB8EBB681ED9A8CEB8BB420E28098EB85B8EB949CE280993A20EC9B90EC9DB82C20ED8F89EAB0802C20ECA084EBA79D',X'59',NULL,NULL,NULL,NULL,NULL,NULL,NULL,NULL,NULL,NULL),
	(26,2,X'E69687ECA095EAB68C20EAB2BDECA09CEC8BA4ECA09520ECA795EBB984EBA19D28E687B2E6AF96E98C84295FEC97B0EAB5ACEBB3B4EAB3A0EC849C33',X'EC97ACEC9D98EB8F84EC97B0EAB5ACEC9B90',X'323031392E30392E3236',3,X'3C7072653E0AEC97ACEC9D98EB8F8420EC97B0EAB5ACEC9B90EC9790EC849CEB8A9420ECBD98EB9DBCEB939C20EC9584EB8DB0EB8298EC9B8C20EC9EACEB8BA820ED959CEAB5ADEC82ACEBACB4EC868CEC998020ED95A8EABB9820EC84B8EBAFB8EB8298EBA5BC20EAB09CECB59CED9598EAB3A0EC9E9020ED95A9EB8B88EB8BA42E20EB8F85EC9DBCEC9D8020ECB2B4EAB384ECA081EC9DB820EC8B9CEBAFBCECA095ECB99820EAB590EC9CA1EC9CBCEBA19C20EC9CA0EBAA85ED959CEB8DB02C20EC9CA0EB8584EC8B9CECA088EBB680ED84B020EBB09BEC9D8020ECA095ECB998EAB590EC9CA1EC9D8420EC96B4EB96BBEAB28C20ECA095ECB998ED9884EC9EA5EC9790EC849C20EC8BA4ECB29CED9598EAB3A020EC9E88EB8A94ECA7802C20ECB2ADEB858420ECA095ECB998EC9DB8EB93A4EC9D8020ECA095EB8BB920EB82B4EC9790EC849C2020EC96B4EB96BBEAB28C20ED999CEB8F99ED9598EB8A94ECA780EC979020EB8C80ED95B420EC839DEC839DED959C20ED9884EC9EA5EC9D9820EBAAA9EC868CEBA6ACEBA5BC20EB93A3EAB3A0EC9E9020ED95A9EB8B88EB8BA42E3C2F7072653E0A0A3C7072653E0AEC9790EB9494ED84B0EC979020EB8BA4EC9D8C20EAB8B0EB8AA520EB84A3EC96B4ECA3BCEC84B8EC9A942E0A2D20EC9DB4EBAFB8ECA78020EC82BDEC9E85200A2D20EBA781ED81AC20EC82BDEC9E853C6120687265663D22687474703A2F2F7777772E6E617665722E636F6D223EEBA781ED81ACEC82BDEC9E853C2F613E0A2D203C7374726F6E673EEAB5B5EC9D8028426F6C642920EAB880EC94A83C2F7374726F6E673E0A2D20EC9DB4EBAAA8ECA78028456D6F6A69293C696D6720616C743D2277696E6B22207372633D22687474703A2F2F6C6F63616C686F73743A333033302F636B656469746F722F706C7567696E732F736D696C65792F696D616765732F77696E6B5F736D696C652E706E6722207374796C653D226865696768743A323370783B2077696474683A3233707822207469746C653D2277696E6B22202F3E3C2F7072653E0A0A3C703E3C696D6720616C743D2222207372633D22687474703A2F2F6C6F63616C686F73743A333033302F75706C6F61642F626F6172642F313536393430343839363739372E6A70656722207374796C653D226865696768743A35323070783B2077696474683A333830707822202F3E3C2F703E0A',NULL,NULL,X'6B72',0,NULL,X'4E',X'4E',X'313536393430343839363739372E6A706567',X'74656D705F636F7665722E6A7067',X'2F75706C6F61642F626F6172642F313536393430343839363739372E6A706567',X'61646D696E','2019-09-24 14:47:10',X'61646D696E','2019-09-26 16:19:04',NULL,NULL,X'C2B7E69687ECA095EAB68C2032EB858420EC9AB4EB8F99EAB68C20EC9DB4EB8590EC979020EAB087ED9E8C20EB8C80ED959CEBAFBCEAB5AD20EAB2BDECA09C',X'C2B7E69687ECA095EAB68C2032EB858420ED959CEAB5ADEAB2BDECA09C20ECB0B8EC8381',X'C2B7EC9584EBA788ECB694EC96B420ECA095EAB68CEC9D9820EAB2BDECA09CEC9DB8EC8B9D20ECA3BCEC9A94EBB09CEC96B8EBA19D',X'EBB2A0ED8AB8EB82A820EBAFB8EBB681ED9A8CEB8BB420E28098EB85B8EB949CE280993A20EC9B90EC9DB82C20ED8F89EAB0802C20ECA084EBA79D',X'EBB2A0ED8AB8EB82A820EBAFB8EBB681ED9A8CEB8BB420E28098EB85B8EB949CE280993A20EC9B90EC9DB82C20ED8F89EAB0802C20ECA084EBA79D',X'59',NULL,NULL,NULL,NULL,NULL,NULL,NULL,NULL,NULL,NULL),
	(27,5,X'EAB3B5ECA780EC82ACED95AD20ED858CEC8AA4ED8AB8',NULL,X'323031392E31302E3036',9,X'3C703EEAB3B5ECA780EC82ACED95ADEC9E85EB8B88EB8BA42E3C2F703E0A0A3C703E266E6273703B3C2F703E0A0A3C703EED9598ED9598ED9598ED9598ED95983C2F703E0A0A3C703EED9598ED9598ED9598ED9598ED95983C6272202F3E0AED9598ED9598ED9598ED9598ED95983232323C2F703E0A',NULL,NULL,X'6B72',0,NULL,X'4E',X'4E',X'',X'',X'',X'61646D696E','2019-09-24 14:47:10',X'61646D696E','2019-10-06 13:10:34',NULL,NULL,NULL,NULL,NULL,NULL,NULL,X'59',NULL,NULL,NULL,NULL,NULL,NULL,NULL,NULL,NULL,NULL),
	(28,5,X'EAB3B5ECA780EC82ACED95AD20ED858CEC8AA4ED8AB8',NULL,X'323031392E31302E3038',9,X'3C703EEAB3B5ECA780EC82ACED95ADEC9E85EB8B88EB8BA42E3C2F703E0A0A3C703E266E6273703B3C2F703E0A0A3C703EED9598ED9598ED9598ED9598ED95983C2F703E0A0A3C703EED9598ED9598ED9598ED9598ED95983C6272202F3E0AED9598ED9598ED9598ED9598ED95983232323C2F703E0A',NULL,NULL,X'6B72',0,NULL,X'4E',X'4E',X'',X'',X'',X'61646D696E','2019-10-06 11:30:23',X'61646D696E','2019-10-06 13:10:34',NULL,NULL,NULL,NULL,NULL,NULL,NULL,X'4E',NULL,NULL,NULL,NULL,NULL,NULL,NULL,NULL,NULL,NULL),
	(29,5,X'EAB3B5ECA780EC82ACED95AD20ED858CEC8AA4ED8AB8323232',NULL,X'323031392E31302E3037',9,X'3C703EEAB3B5ECA780EC82ACED95ADEC9E85EB8B88EB8BA42E3C2F703E0A0A3C703E266E6273703B3C2F703E0A0A3C703EED9598ED9598ED9598ED9598ED95983C2F703E0A0A3C703EED9598ED9598ED9598ED9598ED95983C6272202F3E0AED9598ED9598ED9598ED9598ED95983232323C2F703E0A',NULL,NULL,X'6B72',0,NULL,X'4E',X'4E',X'',X'',X'',X'61646D696E','2019-10-06 11:30:23',X'61646D696E','2019-10-15 19:13:24',NULL,NULL,NULL,NULL,NULL,NULL,NULL,NULL,NULL,NULL,NULL,NULL,NULL,NULL,NULL,NULL,NULL,NULL),
	(30,7,X'EC9DBCECA095ED858CEC8AA4ED8AB833323232',X'20EAB5ADED9A8CEC9D98EC82ACEB8BB920',NULL,NULL,X'3C703EEC9DBCECA095ED858CEC8AA4ED8AB87E3C2F703E0A0A3C703E266E6273703B3C2F703E0A0A3C703EED9598ED9598ED95983C2F703E0A0A3C703EED9598ED9598ED95983C2F703E0A',NULL,NULL,X'6B72',0,NULL,X'4E',X'4E',X'',X'',X'',X'61646D696E','2019-10-14 18:12:45',X'61646D696E','2019-10-15 19:13:36',NULL,NULL,NULL,NULL,NULL,NULL,NULL,NULL,X'323031392E31302E3134',X'323031392E31302E3137',X'30303A3030',X'32333A3539',X'687474703A2F2F7777772E6E617665722E636F6D',NULL,NULL,NULL,X'',NULL),
	(31,1,X'E384B8E384B7',X'EC97ACEC9D98EB8F84EC97B0EAB5ACEC9B90',X'323031392E31302E3239',6,'',NULL,NULL,X'6B72',0,NULL,X'4E',X'4E',X'',X'',X'',X'61646D696E','2019-10-29 17:12:17',X'61646D696E','2019-11-03 13:30:04',NULL,NULL,X'',X'',X'',X'',X'',X'4E',NULL,NULL,NULL,NULL,NULL,X'7465736574',NULL,NULL,X'',NULL),
	(32,1,X'74657374',X'EC97ACEC9D98EB8F84EC97B0EAB5ACEC9B90',X'323031392E31312E3033',6,X'3C703E746573743C2F703E0A',NULL,NULL,X'6B72',0,NULL,X'4E',X'4E',X'',X'',X'',X'61646D696E','2019-11-03 13:30:39',X'61646D696E','2019-11-03 13:31:37',NULL,NULL,X'',X'',X'',X'',X'',X'4E',NULL,NULL,NULL,NULL,NULL,X'746573746565656565',NULL,NULL,NULL,NULL),
	(33,1,X'7465737432',X'EC97ACEC9D98EB8F84EC97B0EAB5ACEC9B90',X'323031392E31312E3033',6,X'3C703E74657374323C2F703E0A',NULL,NULL,X'6B72',0,NULL,X'4E',X'4E',X'',X'',X'',X'61646D696E','2019-11-03 13:31:50',X'61646D696E','2019-11-03 13:36:51',NULL,NULL,X'',X'',X'',X'',X'',X'4E',NULL,NULL,NULL,NULL,NULL,X'74657374327465737432',X'EAB080EB82982CED9598ED95982CEB8BA4EB8BA42C676767',NULL,X'',NULL),
	(34,1,X'7465737434',X'EC97ACEC9D98EB8F84EC97B0EAB5ACEC9B90',X'323031392E31312E3033',6,X'3C703E74657374343C2F703E0A',NULL,NULL,X'6B72',0,NULL,X'4E',X'4E',X'',X'',X'',X'61646D696E','2019-11-03 13:37:05',X'61646D696E','2019-11-03 13:37:05',NULL,NULL,X'',X'',X'',X'',X'',X'4E',NULL,NULL,NULL,NULL,NULL,X'7465737433',X'746573743434343434',NULL,X'',NULL);

/*!40000 ALTER TABLE `tb_board` ENABLE KEYS */;
UNLOCK TABLES;


# Dump of table tb_board_comment
# ------------------------------------------------------------

DROP TABLE IF EXISTS `tb_board_comment`;

CREATE TABLE `tb_board_comment` (
  `idx` int(11) NOT NULL AUTO_INCREMENT,
  `board_idx` int(11) NOT NULL DEFAULT '0' COMMENT 'board_idx',
  `top_idx` int(11) NOT NULL DEFAULT '0' COMMENT '? ?? ??? idx/??? ??idx',
  `depth` int(11) NOT NULL DEFAULT '0' COMMENT '? 0 /???1',
  `user_name` varchar(50) COLLATE utf8_bin NOT NULL,
  `comment` text COLLATE utf8_bin NOT NULL,
  `secret_yn` char(1) COLLATE utf8_bin NOT NULL COMMENT '?????(Y/N)',
  `admin_del_yn` char(1) COLLATE utf8_bin NOT NULL DEFAULT 'N' COMMENT '???????',
  `cre_id` varchar(50) COLLATE utf8_bin NOT NULL,
  `cre_dtime` datetime NOT NULL,
  `upd_id` varchar(50) COLLATE utf8_bin NOT NULL COMMENT '???(??? ???)',
  `upd_dtime` datetime NOT NULL COMMENT '????(??????)',
  KEY `FK__board_comment` (`board_idx`),
  KEY `board_comment_idx` (`idx`,`board_idx`)
) ENGINE=InnoDB DEFAULT CHARSET=utf8 COLLATE=utf8_bin COMMENT='??? ???';



# Dump of table tb_board_file
# ------------------------------------------------------------

DROP TABLE IF EXISTS `tb_board_file`;

CREATE TABLE `tb_board_file` (
  `idx` int(11) NOT NULL AUTO_INCREMENT,
  `board_idx` int(11) DEFAULT '0',
  `filename` varchar(250) COLLATE utf8_bin DEFAULT '0',
  `originalname` varchar(250) COLLATE utf8_bin DEFAULT '0',
  `mimetype` varchar(250) COLLATE utf8_bin DEFAULT '0',
  `path` varchar(250) COLLATE utf8_bin DEFAULT '0',
  `size` varchar(250) COLLATE utf8_bin DEFAULT '0',
  `title_yn` char(1) COLLATE utf8_bin DEFAULT 'N',
  `file_order` int(11) DEFAULT '1',
  KEY `board_file_idx` (`idx`),
  KEY `FK1_board_file` (`board_idx`)
) ENGINE=InnoDB DEFAULT CHARSET=utf8 COLLATE=utf8_bin COMMENT='tb_board_file';

LOCK TABLES `tb_board_file` WRITE;
/*!40000 ALTER TABLE `tb_board_file` DISABLE KEYS */;

INSERT INTO `tb_board_file` (`idx`, `board_idx`, `filename`, `originalname`, `mimetype`, `path`, `size`, `title_yn`, `file_order`)
VALUES
	(2,15,X'61646D696E2F626F6172642F313532373437313430373634335F6C6F676F5F7374657665312E706E67',X'6C6F676F5F7374657665312E706E67',X'696D6167652F706E67',X'68747470733A2F2F61707069636B636D732E73332E61702D6E6F727468656173742D322E616D617A6F6E6177732E636F6D2F61646D696E2F626F6172642F313532373437313430373634335F6C6F676F5F7374657665312E706E67',X'36313134',X'4E',1),
	(4,15,X'61646D696E2F626F6172642F313532373438383537373938345F6A68692E706E67',X'6A68692E706E67',X'696D6167652F706E67',X'68747470733A2F2F61707069636B636D732E73332E61702D6E6F727468656173742D322E616D617A6F6E6177732E636F6D2F61646D696E2F626F6172642F313532373438383537373938345F6A68692E706E67',X'3233313537',X'4E',2),
	(11,3,X'313536393435393838363538372E706E67',X'496E6465785F312E706E67',X'696D6167652F706E67',X'2F75706C6F61642F626F6172642F313536393435393838363538372E706E67',X'31383039333335',X'4E',1),
	(12,3,X'313536393435393838363539362E6A706567',X'736574312E6A7067',X'696D6167652F6A706567',X'2F75706C6F61642F626F6172642F313536393435393838363539362E6A706567',X'313237303230',X'4E',2),
	(14,1,X'313536393438323334343930302E706466',X'556E7469746C65642B4469616772616D2E706466',X'6170706C69636174696F6E2F706466',X'2F75706C6F61642F626F6172642F313536393438323334343930302E706466',X'3433303330',X'4E',1);

/*!40000 ALTER TABLE `tb_board_file` ENABLE KEYS */;
UNLOCK TABLES;


# Dump of table tb_board_master
# ------------------------------------------------------------

DROP TABLE IF EXISTS `tb_board_master`;

CREATE TABLE `tb_board_master` (
  `board_idx` int(11) NOT NULL AUTO_INCREMENT,
  `cmp_idx` int(11) NOT NULL,
  `board_name` varchar(50) COLLATE utf8_bin NOT NULL DEFAULT '0' COMMENT '????',
  `board_type` char(1) COLLATE utf8_bin DEFAULT 'A',
  `file_yn` char(1) COLLATE utf8_bin NOT NULL DEFAULT 'Y' COMMENT '??????',
  `file_num` int(11) NOT NULL DEFAULT '0' COMMENT '???? ??',
  `use_yn` char(1) COLLATE utf8_bin NOT NULL DEFAULT 'Y' COMMENT '??? ????',
  `board_detail` varchar(250) COLLATE utf8_bin NOT NULL DEFAULT 'Y' COMMENT '??? ??',
  `board_nation` varchar(50) COLLATE utf8_bin NOT NULL DEFAULT 'KR' COMMENT '??? ??',
  `comment_yn` char(1) COLLATE utf8_bin NOT NULL DEFAULT 'Y' COMMENT '??????',
  `admin_yn` char(1) COLLATE utf8_bin NOT NULL DEFAULT 'N' COMMENT '???? ????',
  `cre_dtime` timestamp NOT NULL DEFAULT CURRENT_TIMESTAMP COMMENT '???',
  KEY `boardmaster_index` (`board_idx`,`cmp_idx`),
  KEY `bmaster_fk1` (`cmp_idx`),
  CONSTRAINT `bmaster_fk1` FOREIGN KEY (`cmp_idx`) REFERENCES `tb_company` (`cmp_idx`)
) ENGINE=InnoDB DEFAULT CHARSET=utf8 COLLATE=utf8_bin COMMENT='??? ??? ???';

LOCK TABLES `tb_board_master` WRITE;
/*!40000 ALTER TABLE `tb_board_master` DISABLE KEYS */;

INSERT INTO `tb_board_master` (`board_idx`, `cmp_idx`, `board_name`, `board_type`, `file_yn`, `file_num`, `use_yn`, `board_detail`, `board_nation`, `comment_yn`, `admin_yn`, `cre_dtime`)
VALUES
	(1,1,X'EC9DB4EC8A88EBB88CEBA6ACED9484',X'41',X'59',0,X'59',X'EC9DB4EC8A88EBB88CEBA6ACED9484',X'4B52',X'4E',X'59','2019-09-23 09:33:05'),
	(2,1,X'EC97B0EAB5ACEBB3B4EAB3A0EC849C',X'41',X'59',0,X'59',X'EC97B0EAB5ACEBB3B4EAB3A0EC849C',X'4B52',X'4E',X'59','2019-09-23 09:33:05'),
	(3,1,X'ECB9BCEB9FBC26EAB8B0EAB3A0',X'41',X'59',0,X'59',X'ECB9BCEB9FBC26EAB8B0EAB3A0',X'4B52',X'4E',X'59','2019-09-23 09:33:05'),
	(5,1,X'EAB3B5ECA780EC82ACED95AD',X'42',X'59',0,X'59',X'EAB3B5ECA780EC82ACED95AD',X'4B52',X'4E',X'59','2019-09-23 09:33:05'),
	(4,1,X'ED8FACEB9FBC26EC84B8EBAFB8EB8298',X'41',X'59',0,X'59',X'ED8FACEB9FBC26EC84B8EBAFB8EB8298',X'4B52',X'4E',X'59','2019-09-23 09:33:05'),
	(6,1,X'EC96B8EBA1A0EBB3B4EB8F84',X'42',X'59',0,X'59',X'EC96B8EBA1A0EBB3B4EB8F84',X'4B52',X'4E',X'59','2019-09-23 09:33:05'),
	(7,1,X'EC9DBCECA095',X'43',X'59',0,X'59',X'EC9DBCECA095',X'4B52',X'4E',X'59','2019-09-23 09:33:05'),
	(8,1,X'ECA095ECB185ECA09CEC9588',X'44',X'59',0,X'59',X'ECA095ECB185ECA09CEC9588',X'4B52',X'4E',X'59','2019-09-23 09:33:05'),
	(9,1,X'EC9E90EC9CA0EAB28CEC8B9CED8C90',X'45',X'59',0,X'59',X'EC9E90EC9CA0EAB28CEC8B9CED8C90',X'4B52',X'59',X'59','2019-09-23 09:33:05');

/*!40000 ALTER TABLE `tb_board_master` ENABLE KEYS */;
UNLOCK TABLES;


# Dump of table tb_cate
# ------------------------------------------------------------

DROP TABLE IF EXISTS `tb_cate`;

CREATE TABLE `tb_cate` (
  `code_idx` int(11) NOT NULL COMMENT '??_idx',
  `board_idx` int(11) DEFAULT NULL COMMENT 'board_idx',
  `cate_code` int(11) NOT NULL COMMENT '? ????',
  `cate_name` varchar(50) COLLATE utf8_bin NOT NULL DEFAULT '' COMMENT '? ?',
  PRIMARY KEY (`code_idx`,`cate_code`)
) ENGINE=InnoDB DEFAULT CHARSET=utf8 COLLATE=utf8_bin;

LOCK TABLES `tb_cate` WRITE;
/*!40000 ALTER TABLE `tb_cate` DISABLE KEYS */;

INSERT INTO `tb_cate` (`code_idx`, `board_idx`, `cate_code`, `cate_name`)
VALUES
	(1,2,1,X'ED9884EC9588EBB684EC849D'),
	(2,2,2,X'ECA491EC9EA5EAB8B0EC97B0EAB5AC'),
	(3,2,3,X'EAB8B0ED8380'),
	(4,4,1,X'ED8FACEB9FBC26EC84B8EBAFB8EB8298'),
	(5,4,2,X'EC9E90EBA38CECA791'),
	(6,1,1,X'EC9DB4EC8A88EBB88CEBA6ACED9484'),
	(7,3,1,X'ECB9BCEB9FBC26EAB8B0EAB3A0'),
	(8,5,1,X'EAB3B5ECA780EC82ACED95AD'),
	(9,5,2,X'ECB184EC9AA9EC9588EB82B4'),
	(10,6,1,X'EC96B8EBA1A0EBB3B4EB8F84'),
	(11,6,2,X'EBB3B4EB8F84EC9E90EBA38C'),
	(12,8,1,X'ECA095ECB9982FED9689ECA0952FEC9588ECA084'),
	(13,8,2,X'ED86B5EC9DBC2FEC99B8EAB5902FEAB5ADEBB0A9'),
	(14,8,3,X'EAB2BDECA09C2FEAB590EC9CA12FEAB3BCED9599'),
	(15,8,4,X'ECB2ADEB85842FED998DEBB3B4'),
	(16,8,5,X'EB85B8EB8F992FEBB3B5ECA7802FEBACB8ED9994'),
	(17,8,6,X'EAB8B0ED8380');

/*!40000 ALTER TABLE `tb_cate` ENABLE KEYS */;
UNLOCK TABLES;


# Dump of table tb_code
# ------------------------------------------------------------

DROP TABLE IF EXISTS `tb_code`;

CREATE TABLE `tb_code` (
  `idx` int(11) NOT NULL AUTO_INCREMENT COMMENT 'idx',
  `c_code` varchar(5) COLLATE utf8_bin NOT NULL COMMENT '??',
  `c_mcode` varchar(5) COLLATE utf8_bin NOT NULL COMMENT '????',
  `c_mname` varchar(150) COLLATE utf8_bin NOT NULL COMMENT '?????',
  `c_name` varchar(150) COLLATE utf8_bin NOT NULL COMMENT '???',
  `c_class` varchar(150) COLLATE utf8_bin DEFAULT NULL,
  `c_level` int(11) DEFAULT '1' COMMENT '????',
  `c_image_name` varchar(250) COLLATE utf8_bin DEFAULT NULL,
  `c_image_path` varchar(250) COLLATE utf8_bin DEFAULT NULL,
  `use_yn` char(1) COLLATE utf8_bin NOT NULL DEFAULT 'Y' COMMENT '????',
  `cre_id` varchar(50) COLLATE utf8_bin NOT NULL COMMENT '???',
  `cre_dtime` datetime NOT NULL DEFAULT CURRENT_TIMESTAMP COMMENT '???',
  `upd_id` varchar(50) COLLATE utf8_bin NOT NULL COMMENT '???',
  `upd_dtime` datetime NOT NULL DEFAULT CURRENT_TIMESTAMP COMMENT '???',
  KEY `CODE_IDX` (`idx`,`c_code`)
) ENGINE=InnoDB DEFAULT CHARSET=utf8 COLLATE=utf8_bin COMMENT='????';

LOCK TABLES `tb_code` WRITE;
/*!40000 ALTER TABLE `tb_code` DISABLE KEYS */;

INSERT INTO `tb_code` (`idx`, `c_code`, `c_mcode`, `c_mname`, `c_name`, `c_class`, `c_level`, `c_image_name`, `c_image_path`, `use_yn`, `cre_id`, `cre_dtime`, `upd_id`, `upd_dtime`)
VALUES
	(1,X'4130303031',X'4130303030',X'31303031',X'EAB095EC9B90EB8F84',X'41',1,NULL,NULL,X'59',X'61646D696E','2019-10-06 15:17:20',X'61646D696E','2019-10-15 19:12:53'),
	(2,X'4130303032',X'4130303030',X'31303031',X'EAB2BDEAB8B0EB8F84',X'41',1,NULL,NULL,X'59',X'61646D696E','2019-10-06 15:17:58',X'61646D696E','2019-10-06 15:17:58'),
	(3,X'4130303033',X'4130303030',X'31303031',X'EAB2BDEC8381EB82A8EB8F84',X'41',1,NULL,NULL,X'59',X'61646D696E','2019-10-06 15:30:08',X'61646D696E','2019-10-06 15:30:08'),
	(4,X'4130303034',X'4130303030',X'31303031',X'EAB2BDEC8381EBB681EB8F84',X'41',1,NULL,NULL,X'59',X'61646D696E','2019-10-06 15:33:27',X'61646D696E','2019-10-06 15:33:27'),
	(5,X'4130303035',X'4130303030',X'31303031',X'EAB491ECA3BCEAB491EC97ADEC8B9C',X'41',1,NULL,NULL,X'59',X'61646D696E','2019-10-06 16:50:32',X'61646D696E','2019-10-06 16:50:52'),
	(6,X'4130303036',X'4130303030',X'31303031',X'EB8C80EAB5ACEAB491EC97ADEC8B9C',X'41',1,NULL,NULL,X'59',X'61646D696E','2019-10-06 16:51:11',X'61646D696E','2019-10-06 16:51:11'),
	(7,X'4130303037',X'4130303030',X'31303031',X'EB8C80ECA084EAB491EC97ADEC8B9C',X'41',1,NULL,NULL,X'59',X'61646D696E','2019-10-06 16:51:17',X'61646D696E','2019-10-06 16:51:17'),
	(8,X'4130303038',X'4130303030',X'4230303033',X'EBB680EC82B0EAB491EC97ADEC8B9C',X'41',1,NULL,NULL,X'59',X'61646D696E','2019-10-06 18:11:10',X'61646D696E','2019-10-07 09:56:22'),
	(9,X'4130303039',X'4130303030',X'4230303033',X'EC849CEC9AB8ED8AB9EBB384EC8B9C',X'41',1,NULL,NULL,X'59',X'61646D696E','2019-10-06 18:11:10',X'61646D696E','2019-10-07 09:56:22'),
	(10,X'4130303130',X'4130303030',X'4230303032',X'EC84B8ECA285ED8AB9EBB384EC9E90ECB998EC8B9C',X'41',1,NULL,NULL,X'59',X'61646D696E','2019-10-06 18:11:10',X'61646D696E','2019-10-07 09:56:22'),
	(11,X'4130303131',X'4130303030',X'4230303032',X'EC9AB8EC82B0EAB491EC97ADEC8B9C',X'41',1,NULL,NULL,X'59',X'61646D696E','2019-10-06 18:11:10',X'61646D696E','2019-10-07 09:56:22'),
	(12,X'4130303132',X'4130303030',X'4230303032',X'EC9DB8ECB29CEAB491EC97ADEC8B9C',X'41',1,NULL,NULL,X'59',X'61646D696E','2019-10-06 18:11:10',X'61646D696E','2019-10-07 09:56:22'),
	(13,X'4130303133',X'4130303030',X'4230303032',X'ECA084EB9DBCEB82A8EB8F84',X'41',1,NULL,NULL,X'59',X'61646D696E','2019-10-06 18:11:10',X'61646D696E','2019-10-07 09:56:22'),
	(14,X'4130303134',X'4130303030',X'4230303032',X'ECA09CECA3BCED8AB9EBB384EC9E90ECB998EB8F84',X'41',1,NULL,NULL,X'59',X'61646D696E','2019-10-06 18:11:10',X'61646D696E','2019-10-07 09:56:22'),
	(15,X'4130303135',X'4130303030',X'4230303032',X'ECB6A9ECB2ADEB82A8EB8F84',X'41',1,NULL,NULL,X'59',X'61646D696E','2019-10-06 18:11:10',X'61646D696E','2019-10-07 09:56:22'),
	(16,X'4130303136',X'4130303030',X'4230303032',X'ECB6A9ECB2ADEBB681EB8F84',X'41',1,NULL,NULL,X'59',X'61646D696E','2019-10-06 18:11:10',X'61646D696E','2019-10-07 09:56:22');

/*!40000 ALTER TABLE `tb_code` ENABLE KEYS */;
UNLOCK TABLES;


# Dump of table tb_company
# ------------------------------------------------------------

DROP TABLE IF EXISTS `tb_company`;

CREATE TABLE `tb_company` (
  `cmp_idx` int(11) NOT NULL AUTO_INCREMENT COMMENT 'IDX',
  `cmp_name` varchar(250) COLLATE utf8_bin DEFAULT NULL COMMENT '???',
  `cmp_number` varchar(50) COLLATE utf8_bin DEFAULT NULL COMMENT '?????',
  `cmp_id` varchar(50) COLLATE utf8_bin NOT NULL COMMENT '??ID',
  `cmp_pass` varchar(50) COLLATE utf8_bin NOT NULL COMMENT '??????',
  `cmp_domain` varchar(250) COLLATE utf8_bin DEFAULT NULL COMMENT '???',
  `cmp_phone` varchar(50) COLLATE utf8_bin NOT NULL COMMENT '???1',
  `cmp_fax` varchar(50) COLLATE utf8_bin DEFAULT NULL COMMENT 'FAX',
  `cmp_address` varchar(250) COLLATE utf8_bin DEFAULT NULL COMMENT 'ADDRESS',
  `cmp_ceo_name` varchar(50) COLLATE utf8_bin NOT NULL COMMENT '????',
  `cmp_email` varchar(50) COLLATE utf8_bin NOT NULL COMMENT '?????',
  `cmp_logo_image` varchar(200) COLLATE utf8_bin DEFAULT NULL COMMENT 'LOGO_IMG',
  `cmp_logo_path` varchar(250) COLLATE utf8_bin DEFAULT NULL COMMENT 'LOGO_IMG_PATH',
  `cmp_footer_image` varchar(200) COLLATE utf8_bin DEFAULT NULL COMMENT 'FOOTER_IMG',
  `cmp_footer_path` varchar(250) COLLATE utf8_bin DEFAULT NULL COMMENT 'FOOTER_PATH',
  `use_yn` char(1) COLLATE utf8_bin NOT NULL DEFAULT 'Y' COMMENT '???? Y:?? N:???',
  `cmp_notice` mediumtext COLLATE utf8_bin COMMENT '????',
  `cmp_text1` mediumtext COLLATE utf8_bin COMMENT '????',
  `expired_date` date NOT NULL COMMENT '?????',
  `cre_dtime` datetime NOT NULL COMMENT '???',
  `upd_dtime` datetime NOT NULL COMMENT '???',
  KEY `CMP_INDEX` (`cmp_idx`,`cmp_id`)
) ENGINE=InnoDB DEFAULT CHARSET=utf8 COLLATE=utf8_bin COMMENT='???? ???';

LOCK TABLES `tb_company` WRITE;
/*!40000 ALTER TABLE `tb_company` DISABLE KEYS */;

INSERT INTO `tb_company` (`cmp_idx`, `cmp_name`, `cmp_number`, `cmp_id`, `cmp_pass`, `cmp_domain`, `cmp_phone`, `cmp_fax`, `cmp_address`, `cmp_ceo_name`, `cmp_email`, `cmp_logo_image`, `cmp_logo_path`, `cmp_footer_image`, `cmp_footer_path`, `use_yn`, `cmp_notice`, `cmp_text1`, `expired_date`, `cre_dtime`, `upd_dtime`)
VALUES
	(1,X'EC97ACEC9D98EB8F84EC97B0EAB5ACEC9B90',X'34303535323030333837',X'61646D696E',X'2A44423436393037304442304144304341304239333034304431363644374643343731334436393631',NULL,X'3032203435382033363530',X'3032203435382033363530',X'EC849CEC9AB8EC8B9C20EAB491ECA784EAB5AC20ECA491EAB3A1EB8F992039372D3232EBB288ECA78020EBAA85ED9994ED8CB0EBA6ACEC8AA420313031ED98B8',X'EC97ACEC9D98EB8F8420EC97B0EAB5ACEC9B90',X'73746576654073746576656E636F72702E636F6D',X'61646D696E2F636F6D70616E792F313533383436303130353830385F77616C6C706170657232796F755F3239363530312E6A7067',X'68747470733A2F2F73332E61702D6E6F727468656173742D322E616D617A6F6E6177732E636F6D2F6D6F756D2E636F6D70616E792F61646D696E2F636F6D70616E792F313533383436303130353830385F77616C6C706170657232796F755F3239363530312E6A7067',X'61646D696E2F636F6D70616E792F313533323931383237323236375F45433246394343302D323342462D343730422D393235312D4530423838354531423945342E6A706567',X'68747470733A2F2F61707069636B636D732E73332E61702D6E6F727468656173742D322E616D617A6F6E6177732E636F6D2F61646D696E2F636F6D70616E792F313533323931383237323236375F45433246394343302D323342462D343730422D393235312D4530423838354531423945342E6A706567',X'59',X'EC97ACEC9D98EB8F8420EC97B0EAB5ACEC9B90','','2020-12-08','2016-11-08 11:11:11','2019-10-15 19:08:14');

/*!40000 ALTER TABLE `tb_company` ENABLE KEYS */;
UNLOCK TABLES;


# Dump of table tb_member
# ------------------------------------------------------------

DROP TABLE IF EXISTS `tb_member`;

CREATE TABLE `tb_member` (
  `seq` int(11) NOT NULL AUTO_INCREMENT,
  `member_id` varchar(50) COLLATE utf8_bin NOT NULL DEFAULT '' COMMENT '',
  `member_name` varchar(50) COLLATE utf8_bin NOT NULL DEFAULT '' COMMENT '',
  `member_auth_type` char(1) COLLATE utf8_bin NOT NULL DEFAULT '' COMMENT 'A: B:',
  `password` varchar(255) COLLATE utf8_bin DEFAULT NULL COMMENT '',
  `member_phone` varchar(50) COLLATE utf8_bin NOT NULL DEFAULT '' COMMENT '',
  `zipcode` int(11) DEFAULT NULL COMMENT '',
  `address1` varchar(250) COLLATE utf8_bin DEFAULT NULL COMMENT '1',
  `address2` varchar(250) COLLATE utf8_bin DEFAULT NULL COMMENT '2',
  `member_token` varchar(250) COLLATE utf8_bin DEFAULT NULL COMMENT '',
  `license_type` varchar(10) COLLATE utf8_bin DEFAULT NULL COMMENT ' ',
  `auth_number` varchar(50) COLLATE utf8_bin DEFAULT NULL COMMENT '',
  `affiliation` varchar(50) COLLATE utf8_bin DEFAULT NULL COMMENT '',
  `sale_area` varchar(50) COLLATE utf8_bin DEFAULT NULL COMMENT '',
  `cre_dtime` datetime NOT NULL DEFAULT CURRENT_TIMESTAMP COMMENT '',
  `cre_id` varchar(50) COLLATE utf8_bin NOT NULL DEFAULT '' COMMENT '',
  `upd_dtime` datetime NOT NULL DEFAULT CURRENT_TIMESTAMP COMMENT '',
  `upd_id` varchar(50) COLLATE utf8_bin NOT NULL DEFAULT '' COMMENT '',
  `image_name` varchar(250) COLLATE utf8_bin DEFAULT '/_Img/Sub/chat-sm.png' COMMENT '',
  `image_org_name` varchar(250) COLLATE utf8_bin DEFAULT NULL COMMENT ' ',
  `image_size` int(11) DEFAULT NULL COMMENT '',
  `image_path` varchar(250) COLLATE utf8_bin DEFAULT '/_Img/Sub/chat-sm.png' COMMENT '',
  `alaram_count` int(1) DEFAULT '0' COMMENT '',
  `member_status` char(1) COLLATE utf8_bin DEFAULT NULL COMMENT ' A: B:  C: ',
  KEY `??? 1` (`seq`,`member_id`)
) ENGINE=InnoDB DEFAULT CHARSET=utf8 COLLATE=utf8_bin COMMENT='010-7284-2250';

LOCK TABLES `tb_member` WRITE;
/*!40000 ALTER TABLE `tb_member` DISABLE KEYS */;

INSERT INTO `tb_member` (`seq`, `member_id`, `member_name`, `member_auth_type`, `password`, `member_phone`, `zipcode`, `address1`, `address2`, `member_token`, `license_type`, `auth_number`, `affiliation`, `sale_area`, `cre_dtime`, `cre_id`, `upd_dtime`, `upd_id`, `image_name`, `image_org_name`, `image_size`, `image_path`, `alaram_count`, `member_status`)
VALUES
	(1,X'73746576654073746576656E636F72702E636F6D',X'ECB59CECA784ED98B8',X'42',X'2A41344236313537333139303338373234453335363038393446374639333243383838364542464346',X'3031302D393938342D37353932',12345,X'EC849CEC9AB8EC8B9C20EAB095EB82A8EAB5AC',X'EC82BCEC84B1EB8F9920313233',NULL,X'412C42',NULL,NULL,X'41303030312C41303030322C4130303033','2019-11-11 10:01:16',X'','2019-11-11 10:01:16',X'',X'2F5F496D672F5375622F636861742D736D2E706E67',NULL,NULL,X'2F5F496D672F5375622F636861742D736D2E706E67',0,X'41');

/*!40000 ALTER TABLE `tb_member` ENABLE KEYS */;
UNLOCK TABLES;



/*!40111 SET SQL_NOTES=@OLD_SQL_NOTES */;
/*!40101 SET SQL_MODE=@OLD_SQL_MODE */;
/*!40014 SET FOREIGN_KEY_CHECKS=@OLD_FOREIGN_KEY_CHECKS */;
/*!40101 SET CHARACTER_SET_CLIENT=@OLD_CHARACTER_SET_CLIENT */;
/*!40101 SET CHARACTER_SET_RESULTS=@OLD_CHARACTER_SET_RESULTS */;
/*!40101 SET COLLATION_CONNECTION=@OLD_COLLATION_CONNECTION */;
