# ************************************************************
# Sequel Pro SQL dump
# Version 4541
#
# http://www.sequelpro.com/
# https://github.com/sequelpro/sequelpro
#
# Host: ls-53e8c7fb8ec5b061112333c1f8927fa2d306d333.cdw11wihkruj.ap-northeast-2.rds.amazonaws.com (MySQL 5.7.26-log)
# Database: edda
# Generation Time: 2020-02-06 04:59:31 +0000
# ************************************************************


/*!40101 SET @OLD_CHARACTER_SET_CLIENT=@@CHARACTER_SET_CLIENT */;
/*!40101 SET @OLD_CHARACTER_SET_RESULTS=@@CHARACTER_SET_RESULTS */;
/*!40101 SET @OLD_COLLATION_CONNECTION=@@COLLATION_CONNECTION */;
/*!40101 SET NAMES utf8 */;
/*!40014 SET @OLD_FOREIGN_KEY_CHECKS=@@FOREIGN_KEY_CHECKS, FOREIGN_KEY_CHECKS=0 */;
/*!40101 SET @OLD_SQL_MODE=@@SQL_MODE, SQL_MODE='NO_AUTO_VALUE_ON_ZERO' */;
/*!40111 SET @OLD_SQL_NOTES=@@SQL_NOTES, SQL_NOTES=0 */;


# Dump of table tb_banner
# ------------------------------------------------------------

DROP TABLE IF EXISTS `tb_banner`;

CREATE TABLE `tb_banner` (
  `idx` int(11) NOT NULL AUTO_INCREMENT,
  `title` varchar(250) CHARACTER SET utf8 COLLATE utf8_bin NOT NULL DEFAULT '' COMMENT '??',
  `subTitle` varchar(250) CHARACTER SET utf8 COLLATE utf8_bin DEFAULT NULL COMMENT '???',
  `position` int(11) DEFAULT '0' COMMENT '?? ??(?:T/??:B)',
  `image_name` varchar(250) CHARACTER SET utf8 COLLATE utf8_bin DEFAULT NULL COMMENT '????',
  `image_org_name` varchar(250) CHARACTER SET utf8 COLLATE utf8_bin DEFAULT NULL COMMENT '????(????)',
  `image_size` int(11) DEFAULT NULL COMMENT '??????',
  `image_path` varchar(250) CHARACTER SET utf8 COLLATE utf8_bin DEFAULT NULL COMMENT '?????',
  `banner_type` char(1) CHARACTER SET utf8 COLLATE utf8_bin NOT NULL DEFAULT 'A' COMMENT '???? A : bg_img, B : bg_color_gradation, C : bg_color_red, D : bg_color_gray',
  `banner_link_open_type` char(1) DEFAULT NULL COMMENT '?? ????',
  `banner_link` varchar(250) CHARACTER SET utf8 COLLATE utf8_bin DEFAULT NULL COMMENT '?? ??',
  `bg_color1` varchar(50) CHARACTER SET utf8 COLLATE utf8_bin DEFAULT NULL COMMENT 'bgcolor1',
  `bg_color2` varchar(50) CHARACTER SET utf8 COLLATE utf8_bin DEFAULT NULL COMMENT 'bgcolor2',
  `global_type` char(2) DEFAULT 'KR' COMMENT '????',
  `use_yn` char(1) CHARACTER SET utf8 COLLATE utf8_bin NOT NULL DEFAULT 'Y' COMMENT '????',
  `cre_id` varchar(20) CHARACTER SET utf8 COLLATE utf8_bin NOT NULL COMMENT '???',
  `cre_dtime` datetime NOT NULL DEFAULT CURRENT_TIMESTAMP COMMENT '???',
  `upd_id` varchar(20) CHARACTER SET utf8 COLLATE utf8_bin NOT NULL COMMENT '???',
  `upd_dtime` datetime NOT NULL DEFAULT CURRENT_TIMESTAMP COMMENT '???',
  KEY `idx` (`idx`)
) ENGINE=InnoDB DEFAULT CHARSET=latin1 COMMENT='??????';

LOCK TABLES `tb_banner` WRITE;
/*!40000 ALTER TABLE `tb_banner` DISABLE KEYS */;

INSERT INTO `tb_banner` (`idx`, `title`, `subTitle`, `position`, `image_name`, `image_org_name`, `image_size`, `image_path`, `banner_type`, `banner_link_open_type`, `banner_link`, `bg_color1`, `bg_color2`, `global_type`, `use_yn`, `cre_id`, `cre_dtime`, `upd_id`, `upd_dtime`)
VALUES
	(1,X'EC97ACEC9D98EB8F84EC97B0EAB5ACEC9B90EC9D9820EC9B90ECB999EAB3BC20ED9881EC8BA0EC979020EC89BCED919CEB8A9420EC9786EC8AB5EB8B88EB8BA4',X'EB8C80ED959CEBAFBCEAB5AD20ECB59CEAB3A0EC9D9820ECA095EB8BB920EC8BB1ED81ACED83B1ED81ACEBA5BC20EB8498EC96B43C62723EEB8C80ED919CECA081EC9DB820EAB880EBA19CEBB28C20EC8BB1ED81ACED83B1ED81ACEBA19C20EB8F84EC95BDED9598EAB2A0EC8AB5EB8B88EB8BA4',4,X'',X'',0,X'',X'42',NULL,X'2F',NULL,NULL,'KR',X'59',X'61646D696E','2018-11-23 04:45:10',X'61646D696E','2019-10-06 14:54:50'),
	(2,X'EC97ACEC9D98EB8F84EC97B0EAB5ACEC9B90EC9D9820EC9B90ECB999EAB3BC20ED9881EC8BA0EC979020EC89BCED919CEB8A9420EC9786EC8AB5EB8B88EB8BA4',X'EB8C80ED959CEBAFBCEAB5AD20ECB59CEAB3A0EC9D9820ECA095EB8BB920EC8BB1ED81ACED83B1ED81ACEBA5BC20EB8498EC96B43C62723EEB8C80ED919CECA081EC9DB820EAB880EBA19CEBB28C20EC8BB1ED81ACED83B1ED81ACEBA19C20EB8F84EC95BDED9598EAB2A0EC8AB5EB8B88EB8BA4',3,X'3562363635613933376665333763383930303064663838393938366132316361',X'74656D705F6B6179766930312E6A7067',199041,X'687474703A2F2F6E65616E652D61646D696E2E61702D6E6F727468656173742D322E656C61737469636265616E7374616C6B2E636F6D2F75706C6F61642F62616E6E65722F3562363635613933376665333763383930303064663838393938366132316361',X'42',NULL,X'2F',NULL,NULL,'KR',X'59',X'61646D696E','2019-09-16 09:39:51',X'61646D696E','2019-09-16 09:39:51'),
	(4,X'EC97ACEC9D98EB8F84EC97B0EAB5ACEC9B90EC9D9820EC9B90ECB999EAB3BC20ED9881EC8BA0EC979020EC89BCED919CEB8A9420EC9786EC8AB5EB8B88EB8BA42E',X'EB8C80ED959CEBAFBCEAB5AD20ECB59CEAB3A0EC9D9820ECA095EB8BB920EC8BB1ED81ACED83B1ED81ACEBA5BC20EB8498EC96B43C62723EEB8C80ED919CECA081EC9DB820EAB880EBA19CEBB28C20EC8BB1ED81ACED83B1ED81ACEBA19C20EB8F84EC95BDED9598EAB2A0EC8AB5EB8B88EB8BA42E',2,X'313537313132373835313633302E706E67',X'62675F6B657976692E706E67',5665,X'2F75706C6F61642F62616E6E65722F313537313132373835313633302E706E67',X'41','N',X'2F32',NULL,NULL,'KR',X'59',X'61646D696E','2019-09-16 09:40:06',X'61646D696E','2019-11-01 14:23:07'),
	(3,X'EC97ACEC9D98EB8F84EC97B0EAB5ACEC9B90EC9D9820EC9B90ECB999EAB3BC20ED9881EC8BA0EC979020EC89BCED919CEB8A9420EC9786EC8AB5EB8B88EB8BA4',X'EB8C80ED959CEBAFBCEAB5AD20ECB59CEAB3A0EC9D9820ECA095EB8BB920EC8BB1ED81ACED83B1ED81ACEBA5BC20EB8498EC96B43C62723EEB8C80ED919CECA081EC9DB820EAB880EBA19CEBB28C20EC8BB1ED81ACED83B1ED81ACEBA19C20EB8F84EC95BDED9598EAB2A0EC8AB5EB8B88EB8BA4',1,X'3861396639623837653638653432666132373430346631336630396234373637',X'74656D705F70726F2E6A7067',3935,X'687474703A2F2F6E65616E652D61646D696E2E61702D6E6F727468656173742D322E656C61737469636265616E7374616C6B2E636F6D2F75706C6F61642F62616E6E65722F3861396639623837653638653432666132373430346631336630396234373637',X'44',NULL,X'2F',NULL,NULL,'KR',X'59',X'61646D696E','2019-09-16 09:40:06',X'61646D696E','2019-09-16 09:40:06'),
	(5,X'74657374',X'74657374',1,NULL,NULL,NULL,NULL,X'42','Y',X'',NULL,NULL,'KR',X'59',X'61646D696E','2019-11-01 14:24:03',X'61646D696E','2019-11-01 14:42:06');

/*!40000 ALTER TABLE `tb_banner` ENABLE KEYS */;
UNLOCK TABLES;


# Dump of table tb_board
# ------------------------------------------------------------

DROP TABLE IF EXISTS `tb_board`;

CREATE TABLE `tb_board` (
  `idx` int(11) NOT NULL AUTO_INCREMENT COMMENT '???idx',
  `board_idx` int(11) NOT NULL COMMENT '???idx',
  `member_idx` int(11) DEFAULT NULL,
  `title` varchar(250) COLLATE utf8_bin NOT NULL DEFAULT '' COMMENT '??',
  `title2` varchar(250) COLLATE utf8_bin DEFAULT NULL COMMENT '???',
  `a_date` varchar(10) COLLATE utf8_bin DEFAULT NULL COMMENT '???',
  `board_gubun` int(11) DEFAULT NULL COMMENT '??? ?? tb_cate',
  `content` mediumtext COLLATE utf8_bin NOT NULL COMMENT '??',
  `content2` mediumtext COLLATE utf8_bin COMMENT '??2',
  `content3` mediumtext COLLATE utf8_bin COMMENT '??3',
  `board_nation` varchar(50) COLLATE utf8_bin NOT NULL DEFAULT 'kr' COMMENT '????',
  `hit` int(11) NOT NULL DEFAULT '0' COMMENT '???',
  `secret_yn` char(1) COLLATE utf8_bin DEFAULT 'N' COMMENT '?????(Y/N)',
  `read_yn` char(1) COLLATE utf8_bin DEFAULT 'N' COMMENT '??????(Y/N) Q&A ???? ??',
  `admin_del_yn` char(1) COLLATE utf8_bin DEFAULT 'N' COMMENT '?????',
  `main_image_name` varchar(250) COLLATE utf8_bin DEFAULT NULL COMMENT '????',
  `main_image_orgname` varchar(250) COLLATE utf8_bin DEFAULT NULL COMMENT '????????',
  `main_image_path` varchar(250) COLLATE utf8_bin DEFAULT NULL COMMENT '??? ??',
  `cre_id` varchar(50) COLLATE utf8_bin NOT NULL DEFAULT '' COMMENT '???id',
  `cre_dtime` datetime NOT NULL DEFAULT CURRENT_TIMESTAMP COMMENT '????',
  `upd_id` varchar(50) COLLATE utf8_bin NOT NULL DEFAULT '' COMMENT '??id',
  `upd_dtime` datetime NOT NULL DEFAULT CURRENT_TIMESTAMP COMMENT '????',
  `ios_url` varchar(250) COLLATE utf8_bin DEFAULT NULL COMMENT 'ios_url',
  `android_url` varchar(250) COLLATE utf8_bin DEFAULT NULL COMMENT 'android_url',
  `text1` varchar(250) COLLATE utf8_bin DEFAULT NULL COMMENT '????1',
  `text2` varchar(250) COLLATE utf8_bin DEFAULT NULL COMMENT '????2',
  `text3` varchar(250) COLLATE utf8_bin DEFAULT NULL COMMENT '????3',
  `text4` varchar(250) COLLATE utf8_bin DEFAULT NULL COMMENT '????4',
  `text5` varchar(250) COLLATE utf8_bin DEFAULT NULL COMMENT '????5',
  `file1_name` varchar(250) COLLATE utf8_bin DEFAULT NULL,
  `file1_orgname` varchar(250) COLLATE utf8_bin DEFAULT NULL,
  `file1_path` varchar(250) COLLATE utf8_bin DEFAULT NULL,
  `file2_name` varchar(250) COLLATE utf8_bin DEFAULT NULL,
  `file2_orgname` varchar(250) COLLATE utf8_bin DEFAULT NULL,
  `file2_path` varchar(250) COLLATE utf8_bin DEFAULT NULL,
  `top_fix` char(1) COLLATE utf8_bin DEFAULT 'N' COMMENT '????',
  `start_date` varchar(10) COLLATE utf8_bin DEFAULT NULL COMMENT '?? ???',
  `end_date` varchar(10) COLLATE utf8_bin DEFAULT NULL COMMENT '?? ???',
  `start_time` varchar(5) COLLATE utf8_bin DEFAULT NULL COMMENT '?? ????',
  `end_time` varchar(5) COLLATE utf8_bin DEFAULT NULL COMMENT '?? ????',
  `apply_url` varchar(255) COLLATE utf8_bin DEFAULT NULL COMMENT '???? url',
  `memo` mediumtext COLLATE utf8_bin COMMENT '??',
  `tag` varchar(250) COLLATE utf8_bin DEFAULT NULL COMMENT 'tag',
  `cre_name` varchar(50) COLLATE utf8_bin DEFAULT NULL COMMENT '????',
  `cre_pwd` varchar(50) COLLATE utf8_bin DEFAULT NULL COMMENT '??? pwd',
  `cre_email` varchar(50) COLLATE utf8_bin DEFAULT NULL COMMENT '??? email',
  `reply_yn` char(1) COLLATE utf8_bin DEFAULT 'N' COMMENT '답변여부',
  PRIMARY KEY (`idx`)
) ENGINE=InnoDB DEFAULT CHARSET=utf8 COLLATE=utf8_bin;

LOCK TABLES `tb_board` WRITE;
/*!40000 ALTER TABLE `tb_board` DISABLE KEYS */;

INSERT INTO `tb_board` (`idx`, `board_idx`, `member_idx`, `title`, `title2`, `a_date`, `board_gubun`, `content`, `content2`, `content3`, `board_nation`, `hit`, `secret_yn`, `read_yn`, `admin_del_yn`, `main_image_name`, `main_image_orgname`, `main_image_path`, `cre_id`, `cre_dtime`, `upd_id`, `upd_dtime`, `ios_url`, `android_url`, `text1`, `text2`, `text3`, `text4`, `text5`, `file1_name`, `file1_orgname`, `file1_path`, `file2_name`, `file2_orgname`, `file2_path`, `top_fix`, `start_date`, `end_date`, `start_time`, `end_time`, `apply_url`, `memo`, `tag`, `cre_name`, `cre_pwd`, `cre_email`, `reply_yn`)
VALUES
	(6,1,NULL,X'EAB3B5ECA780EC82ACED95AD20ED858CEC8AA4ED8AB8',NULL,X'323031392E31302E3038',9,X'3C703EEAB3B5ECA780EC82ACED95ADEC9E85EB8B88EB8BA42E3C2F703E0A0A3C703E266E6273703B3C2F703E0A0A3C703EED9598ED9598ED9598ED9598ED95983C2F703E0A0A3C703EED9598ED9598ED9598ED9598ED95983C6272202F3E0AED9598ED9598ED9598ED9598ED95983232323C2F703E0A',NULL,NULL,X'6B72',3,X'4E',X'4E',X'4E',X'',X'',X'',X'61646D696E','2019-10-06 11:30:23',X'61646D696E','2019-10-06 13:10:34',NULL,NULL,NULL,NULL,NULL,NULL,NULL,NULL,NULL,NULL,NULL,NULL,NULL,X'4E',NULL,NULL,NULL,NULL,NULL,NULL,NULL,NULL,NULL,NULL,X'4E'),
	(8,1,NULL,X'EAB3B5ECA780EC82ACED95AD20ED858CEC8AA4ED8AB8',NULL,X'323031392E31302E3038',9,X'3C703EEAB3B5ECA780EC82ACED95ADEC9E85EB8B88EB8BA42E3C2F703E0A0A3C703E266E6273703B3C2F703E0A0A3C703EED9598ED9598ED9598ED9598ED95983C2F703E0A0A3C703EED9598ED9598ED9598ED9598ED95983C6272202F3E0AED9598ED9598ED9598ED9598ED95983232323C2F703E0A',NULL,NULL,X'6B72',7,X'4E',X'4E',X'4E',X'',X'',X'',X'61646D696E','2019-10-06 11:30:23',X'61646D696E','2019-10-06 13:10:34',NULL,NULL,NULL,NULL,NULL,NULL,NULL,NULL,NULL,NULL,NULL,NULL,NULL,X'4E',NULL,NULL,NULL,NULL,NULL,NULL,NULL,NULL,NULL,NULL,X'4E'),
	(13,3,NULL,X'EC84B8EAB888EC9DB4EC95BCEAB8B0',NULL,NULL,NULL,X'3C703EED858CEC8AA4ED8AB8EC9E85EB8B88EB8BA42E3C2F703E0A0A3C703E266E6273703B3C2F703E0A0A3C703EEC9E90EC9CA0EAB28CEC8B9CED8C902121E384B9E384B9E384B93C2F703E0A0A3C703EED8CA8EC8AA4EC9B8CEB939CEB8A9420EBB380EAB2BD20EC9588EB8C80EC9A947E3C2F703E0A',NULL,NULL,X'6B72',8,X'59',X'4E',X'4E',X'',X'',X'',X'61646D696E','2019-10-06 14:40:02',X'61646D696E','2019-12-01 04:04:01',NULL,NULL,X'E384B8E384B7',X'E384B8E384B8',NULL,NULL,NULL,NULL,NULL,NULL,NULL,NULL,NULL,X'4E',NULL,NULL,NULL,NULL,NULL,'',X'',X'ECB59CECA784ED98B8',X'2A41344236313537333139303338373234453335363038393446374639333243383838364542464346',X'616C696B656A6840676D61696C2E636F6D',X'4E'),
	(30,1,NULL,X'EAB3B5ECA780EC82ACED95AD',NULL,NULL,NULL,X'3C703EED858CEC8AA4ED8AB83C2F703E0A',NULL,NULL,X'6B72',13,X'4E',X'4E',X'4E',X'',X'',X'',X'61646D696E','2019-09-06 11:30:23',X'61646D696E','2019-12-19 03:35:01',NULL,NULL,NULL,NULL,NULL,NULL,NULL,NULL,NULL,NULL,NULL,NULL,NULL,X'59',NULL,NULL,NULL,NULL,NULL,'',X'',NULL,X'',NULL,X'4E'),
	(32,2,0,X'EBACB4EBA38CEC8381EB8BB420EC9A94ECB2ADEB939CEBA6BDEB8B88EB8BA42E',NULL,NULL,NULL,X'ED858CEC8AA4ED8AB8EC9E85EB8B88EB8BA42E0AE3858E0AED9598ED9598ED9598ED9598',NULL,NULL,X'6B72',26,X'4E',X'4E',X'4E',NULL,NULL,NULL,X'','2019-12-01 07:12:57',X'','2019-12-01 07:12:57',NULL,NULL,X'',X'',NULL,NULL,NULL,X'',X'',X'',X'',X'',X'',X'4E',NULL,NULL,NULL,NULL,NULL,NULL,NULL,X'ECB59CECA784ED98B8',X'2A41344236313537333139303338373234453335363038393446374639333243383838364542464346',X'616C696B656A6840676D61696C2E636F6D',X'59'),
	(33,2,1,X'EC84B8EBACB4EC8381EB8BB420EC9A94ECB2ADEB939CEBA6BDEB8B88EB8BA42E',NULL,NULL,NULL,X'ED858CEC8AA4ED8AB8EC9E85EB8B88EB8BA42E3C62722F3E3C62722F3EED9598ED9598ED9598ED9598',NULL,NULL,X'6B72',43,X'4E',X'4E',X'4E',NULL,NULL,NULL,X'','2019-12-01 16:48:08',X'','2019-12-01 16:48:08',NULL,NULL,X'',X'',NULL,NULL,NULL,X'',X'',X'',X'',X'',X'',X'4E',NULL,NULL,NULL,NULL,NULL,NULL,NULL,X'ECB59CECA784ED98B8',X'2A41344236313537333139303338373234453335363038393446374639333243383838364542464346',X'73746576654073746576656E636F72702E636F6D',X'59'),
	(37,3,NULL,X'EC84B8EAB888EC9DB4EC95BCEAB8B020EB9190EBB288ECA7B821',NULL,NULL,NULL,X'3C703EEC84B8EAB888EC9DB4EC95BCEAB8B020EB9190EBB288ECA7B82120EC9E85EB8B88EB8BA4213C2F703E0A',NULL,NULL,X'6B72',9,X'4E',X'4E',X'4E',X'',X'',X'',X'61646D696E','2020-01-16 08:14:44',X'61646D696E','2020-01-16 08:14:44',NULL,NULL,NULL,NULL,NULL,NULL,NULL,NULL,NULL,NULL,NULL,NULL,NULL,X'4E',NULL,NULL,NULL,NULL,NULL,'',X'',NULL,X'',NULL,X'4E'),
	(38,3,NULL,X'EC84B8EAB888EC9DB4EC95BCEAB8B020EC84B8EBB288ECA7B821',NULL,NULL,NULL,X'3C703EEC84B8EAB888EC9DB4EC95BCEAB8B020EC84B8EBB288ECA7B8213C2F703E0A0A3C703EEC84B8EAB888EC9DB4EC95BCEAB8B020EC84B8EBB288ECA7B8213C2F703E0A0A3C703EEC84B8EAB888EC9DB4EC95BCEAB8B020EC84B8EBB288ECA7B8213C2F703E0A0A3C703EEC84B8EAB888EC9DB4EC95BCEAB8B020EC84B8EBB288ECA7B8213C2F703E0A',NULL,NULL,X'6B72',14,X'4E',X'4E',X'4E',X'',X'',X'',X'61646D696E','2020-01-16 08:14:57',X'61646D696E','2020-01-16 08:25:02',NULL,NULL,NULL,NULL,NULL,NULL,NULL,NULL,NULL,NULL,NULL,NULL,NULL,X'59',NULL,NULL,NULL,NULL,NULL,'',X'',NULL,X'',NULL,X'4E'),
	(39,3,NULL,X'EC84B8EAB888EC9DB4EC95BCEAB8B020EB84A4EBB288ECA7B821',NULL,NULL,NULL,X'3C703EEC84B8EAB888EC9DB4EC95BCEAB8B020EB84A4EBB288ECA7B8213C2F703E0A0A3C703EEC84B8EAB888EC9DB4EC95BCEAB8B020EB84A4EBB288ECA7B8213C2F703E0A0A3C703EEC84B8EAB888EC9DB4EC95BCEAB8B020EB84A4EBB288ECA7B8213C2F703E0A0A3C703E266E6273703B3C2F703E0A',NULL,NULL,X'6B72',8,X'4E',X'4E',X'4E',X'',X'',X'',X'61646D696E','2020-01-16 08:15:15',X'61646D696E','2020-01-16 08:15:15',NULL,NULL,NULL,NULL,NULL,NULL,NULL,NULL,NULL,NULL,NULL,NULL,NULL,X'4E',NULL,NULL,NULL,NULL,NULL,'',X'',NULL,X'',NULL,X'4E'),
	(40,2,1,X'EC84B8EBACB4EC8381EB8BB420EC9A94ECB2ADEB939CEBA6BDEB8B88EB8BA42E',NULL,NULL,NULL,X'ED858CEC8AA4ED8AB8EC9E85EB8B88EB8BA42E3C62722F3E3C62722F3EED9598ED9598ED9598ED9598',NULL,NULL,X'6B72',32,X'4E',X'4E',X'4E',NULL,NULL,NULL,X'','2019-12-01 16:48:08',X'','2019-12-01 16:48:08',NULL,NULL,X'',X'',NULL,NULL,NULL,X'',X'',X'',X'',X'',X'',X'4E',NULL,NULL,NULL,NULL,NULL,NULL,NULL,X'ECB59CECA784ED98B8',X'2A41344236313537333139303338373234453335363038393446374639333243383838364542464346',X'73746576654073746576656E636F72702E636F6D',X'59'),
	(41,2,1,X'EC84B8EBACB4EC8381EB8BB420EC9A94ECB2ADEB939CEBA6BDEB8B88EB8BA42E',NULL,NULL,NULL,X'ED858CEC8AA4ED8AB8EC9E85EB8B88EB8BA42E3C62722F3E3C62722F3EED9598ED9598ED9598ED9598',NULL,NULL,X'6B72',35,X'4E',X'4E',X'4E',NULL,NULL,NULL,X'','2019-12-01 16:48:08',X'','2019-12-01 16:48:08',NULL,NULL,X'',X'',NULL,NULL,NULL,X'',X'',X'',X'',X'',X'',X'4E',NULL,NULL,NULL,NULL,NULL,NULL,NULL,X'ECB59CECA784ED98B8',X'2A41344236313537333139303338373234453335363038393446374639333243383838364542464346',X'73746576654073746576656E636F72702E636F6D',X'59'),
	(42,2,1,X'EC84B8EBACB4EC8381EB8BB420EC9A94ECB2ADEB939CEBA6BDEB8B88EB8BA42E',NULL,NULL,NULL,X'ED858CEC8AA4ED8AB8EC9E85EB8B88EB8BA42E3C62722F3E3C62722F3EED9598ED9598ED9598ED9598',NULL,NULL,X'6B72',31,X'4E',X'4E',X'4E',NULL,NULL,NULL,X'','2019-12-01 16:48:08',X'','2019-12-01 16:48:08',NULL,NULL,X'',X'',NULL,NULL,NULL,X'',X'',X'',X'',X'',X'',X'4E',NULL,NULL,NULL,NULL,NULL,NULL,NULL,X'ECB59CECA784ED98B8',X'2A41344236313537333139303338373234453335363038393446374639333243383838364542464346',X'73746576654073746576656E636F72702E636F6D',X'59');

/*!40000 ALTER TABLE `tb_board` ENABLE KEYS */;
UNLOCK TABLES;


# Dump of table tb_board_comment
# ------------------------------------------------------------

DROP TABLE IF EXISTS `tb_board_comment`;

CREATE TABLE `tb_board_comment` (
  `idx` int(11) NOT NULL AUTO_INCREMENT,
  `board_idx` int(11) NOT NULL DEFAULT '0' COMMENT 'board_idx',
  `top_idx` int(11) NOT NULL DEFAULT '0' COMMENT '? ?? ??? idx/??? ??idx',
  `depth` int(11) NOT NULL DEFAULT '0' COMMENT '? 0 /???1',
  `user_name` varchar(50) COLLATE utf8_bin NOT NULL,
  `comment` text COLLATE utf8_bin NOT NULL,
  `secret_yn` char(1) COLLATE utf8_bin NOT NULL COMMENT '?????(Y/N)',
  `admin_del_yn` char(1) COLLATE utf8_bin NOT NULL DEFAULT 'N' COMMENT '???????',
  `cre_id` varchar(50) COLLATE utf8_bin NOT NULL,
  `cre_dtime` datetime NOT NULL,
  `upd_id` varchar(50) COLLATE utf8_bin NOT NULL COMMENT '???(??? ???)',
  `upd_dtime` datetime NOT NULL COMMENT '????(??????)',
  KEY `FK__board_comment` (`board_idx`),
  KEY `board_comment_idx` (`idx`,`board_idx`)
) ENGINE=InnoDB DEFAULT CHARSET=utf8 COLLATE=utf8_bin COMMENT='??? ???';

LOCK TABLES `tb_board_comment` WRITE;
/*!40000 ALTER TABLE `tb_board_comment` DISABLE KEYS */;

INSERT INTO `tb_board_comment` (`idx`, `board_idx`, `top_idx`, `depth`, `user_name`, `comment`, `secret_yn`, `admin_del_yn`, `cre_id`, `cre_dtime`, `upd_id`, `upd_dtime`)
VALUES
	(1,13,1,0,X'EAB480EBA6ACEC9E90',X'73616461736466',X'',X'4E',X'61646D696E','2019-12-01 04:04:01',X'','0000-00-00 00:00:00'),
	(2,33,2,0,X'EAB480EBA6ACEC9E90',X'E384B8E384B8E384B7',X'',X'4E',X'61646D696E','2019-12-01 05:59:27',X'','0000-00-00 00:00:00'),
	(3,33,1,0,X'ECB59CECA784ED98B8',X'736466736466',X'',X'4E',X'73746576654073746576656E636F72702E636F6D','2020-01-15 06:27:13',X'','0000-00-00 00:00:00'),
	(4,33,1,0,X'ECB59CECA784ED98B8',X'E384B8E384B8E384B8',X'',X'4E',X'73746576654073746576656E636F72702E636F6D','2020-01-15 07:14:49',X'','0000-00-00 00:00:00'),
	(5,33,1,0,X'ECB59CECA784ED98B8',X'E38581E384B4E38587E384B9E38581E384B4E38587E384B9E38581E384B4E384B9E38587',X'',X'4E',X'73746576654073746576656E636F72702E636F6D','2020-01-15 07:14:58',X'','0000-00-00 00:00:00'),
	(6,33,1,0,X'ECB59CECA784ED98B8',X'EB8BB5EBB380EC9984EBA38C',X'',X'4E',X'73746576654073746576656E636F72702E636F6D','2020-01-15 07:21:03',X'','0000-00-00 00:00:00'),
	(7,32,1,0,X'ECB59CECA784ED98B8',X'EB8BB5EBB380EC9E85EBA0A5ED95A9EB8B88EB8BA42E',X'',X'4E',X'73746576654073746576656E636F72702E636F6D','2020-01-31 05:11:03',X'','0000-00-00 00:00:00');

/*!40000 ALTER TABLE `tb_board_comment` ENABLE KEYS */;
UNLOCK TABLES;


# Dump of table tb_board_file
# ------------------------------------------------------------

DROP TABLE IF EXISTS `tb_board_file`;

CREATE TABLE `tb_board_file` (
  `idx` int(11) NOT NULL AUTO_INCREMENT,
  `board_idx` int(11) DEFAULT '0',
  `filename` varchar(250) COLLATE utf8_bin DEFAULT '0',
  `originalname` varchar(250) COLLATE utf8_bin DEFAULT '0',
  `mimetype` varchar(250) COLLATE utf8_bin DEFAULT '0',
  `path` varchar(250) COLLATE utf8_bin DEFAULT '0',
  `size` varchar(250) COLLATE utf8_bin DEFAULT '0',
  `title_yn` char(1) COLLATE utf8_bin DEFAULT 'N',
  `file_order` int(11) DEFAULT '1',
  KEY `board_file_idx` (`idx`),
  KEY `FK1_board_file` (`board_idx`)
) ENGINE=InnoDB DEFAULT CHARSET=utf8 COLLATE=utf8_bin COMMENT='tb_board_file';

LOCK TABLES `tb_board_file` WRITE;
/*!40000 ALTER TABLE `tb_board_file` DISABLE KEYS */;

INSERT INTO `tb_board_file` (`idx`, `board_idx`, `filename`, `originalname`, `mimetype`, `path`, `size`, `title_yn`, `file_order`)
VALUES
	(2,15,X'61646D696E2F626F6172642F313532373437313430373634335F6C6F676F5F7374657665312E706E67',X'6C6F676F5F7374657665312E706E67',X'696D6167652F706E67',X'68747470733A2F2F61707069636B636D732E73332E61702D6E6F727468656173742D322E616D617A6F6E6177732E636F6D2F61646D696E2F626F6172642F313532373437313430373634335F6C6F676F5F7374657665312E706E67',X'36313134',X'4E',1),
	(4,15,X'61646D696E2F626F6172642F313532373438383537373938345F6A68692E706E67',X'6A68692E706E67',X'696D6167652F706E67',X'68747470733A2F2F61707069636B636D732E73332E61702D6E6F727468656173742D322E616D617A6F6E6177732E636F6D2F61646D696E2F626F6172642F313532373438383537373938345F6A68692E706E67',X'3233313537',X'4E',2),
	(11,3,X'313536393435393838363538372E706E67',X'496E6465785F312E706E67',X'696D6167652F706E67',X'2F75706C6F61642F626F6172642F313536393435393838363538372E706E67',X'31383039333335',X'4E',1),
	(12,3,X'313536393435393838363539362E6A706567',X'736574312E6A7067',X'696D6167652F6A706567',X'2F75706C6F61642F626F6172642F313536393435393838363539362E6A706567',X'313237303230',X'4E',2),
	(14,1,X'313536393438323334343930302E706466',X'556E7469746C65642B4469616772616D2E706466',X'6170706C69636174696F6E2F706466',X'2F75706C6F61642F626F6172642F313536393438323334343930302E706466',X'3433303330',X'4E',1);

/*!40000 ALTER TABLE `tb_board_file` ENABLE KEYS */;
UNLOCK TABLES;


# Dump of table tb_board_master
# ------------------------------------------------------------

DROP TABLE IF EXISTS `tb_board_master`;

CREATE TABLE `tb_board_master` (
  `board_idx` int(11) NOT NULL AUTO_INCREMENT,
  `cmp_idx` int(11) NOT NULL,
  `board_name` varchar(50) COLLATE utf8_bin NOT NULL DEFAULT '0' COMMENT '????',
  `board_type` char(1) COLLATE utf8_bin DEFAULT 'A',
  `file_yn` char(1) COLLATE utf8_bin NOT NULL DEFAULT 'Y' COMMENT '??????',
  `file_num` int(11) NOT NULL DEFAULT '0' COMMENT '???? ??',
  `use_yn` char(1) COLLATE utf8_bin NOT NULL DEFAULT 'Y' COMMENT '??? ????',
  `board_detail` varchar(250) COLLATE utf8_bin NOT NULL DEFAULT 'Y' COMMENT '??? ??',
  `board_nation` varchar(50) COLLATE utf8_bin NOT NULL DEFAULT 'KR' COMMENT '??? ??',
  `comment_yn` char(1) COLLATE utf8_bin NOT NULL DEFAULT 'Y' COMMENT '??????',
  `admin_yn` char(1) COLLATE utf8_bin NOT NULL DEFAULT 'N' COMMENT '???? ????',
  `cre_dtime` timestamp NOT NULL DEFAULT CURRENT_TIMESTAMP COMMENT '???',
  KEY `boardmaster_index` (`board_idx`,`cmp_idx`),
  KEY `bmaster_fk1` (`cmp_idx`),
  CONSTRAINT `bmaster_fk1` FOREIGN KEY (`cmp_idx`) REFERENCES `tb_company` (`cmp_idx`)
) ENGINE=InnoDB DEFAULT CHARSET=utf8 COLLATE=utf8_bin COMMENT='??? ??? ???';

LOCK TABLES `tb_board_master` WRITE;
/*!40000 ALTER TABLE `tb_board_master` DISABLE KEYS */;

INSERT INTO `tb_board_master` (`board_idx`, `cmp_idx`, `board_name`, `board_type`, `file_yn`, `file_num`, `use_yn`, `board_detail`, `board_nation`, `comment_yn`, `admin_yn`, `cre_dtime`)
VALUES
	(1,1,X'EAB3B5ECA780EC82ACED95AD',X'42',X'59',0,X'59',X'EAB3B5ECA780EC82ACED95AD',X'4B52',X'4E',X'59','2019-09-23 09:33:05'),
	(2,1,X'EBACB4EBA38CEC8381EB8BB4EC8BA4',X'45',X'59',0,X'59',X'EC9E90EC9CA0EAB28CEC8B9CED8C90',X'4B52',X'59',X'59','2019-09-23 09:33:05'),
	(3,1,X'EC84B8EBACB4EC9E87EB8BA4EC9DB4EC95BCEAB8B0',X'42',X'59',0,X'59',X'EC9E90EC9CA0EAB28CEC8B9CED8C90',X'4B52',X'59',X'59','2019-09-23 09:33:05');

/*!40000 ALTER TABLE `tb_board_master` ENABLE KEYS */;
UNLOCK TABLES;


# Dump of table tb_cate
# ------------------------------------------------------------

DROP TABLE IF EXISTS `tb_cate`;

CREATE TABLE `tb_cate` (
  `code_idx` int(11) NOT NULL COMMENT '??_idx',
  `board_idx` int(11) DEFAULT NULL COMMENT 'board_idx',
  `cate_code` varchar(11) COLLATE utf8_bin NOT NULL DEFAULT '' COMMENT '? ????',
  `cate_name` varchar(50) COLLATE utf8_bin NOT NULL DEFAULT '' COMMENT '? ?',
  PRIMARY KEY (`code_idx`,`cate_code`)
) ENGINE=InnoDB DEFAULT CHARSET=utf8 COLLATE=utf8_bin;

LOCK TABLES `tb_cate` WRITE;
/*!40000 ALTER TABLE `tb_cate` DISABLE KEYS */;

INSERT INTO `tb_cate` (`code_idx`, `board_idx`, `cate_code`, `cate_name`)
VALUES
	(1,1,X'41',X'EBB295EC9DB8'),
	(2,1,X'42',X'EAB09CEC9DB8'),
	(3,2,X'41',X'EBB680EAB080EAB080ECB998EC84B8'),
	(4,2,X'42',X'ECA285ED95A9EC868CEB939DEC84B8'),
	(5,3,X'41',X'EC84B8EBACB4ECA1B0EC82AC'),
	(6,3,X'42',X'ECA1B0EC84B8EBB688EBB3B5'),
	(7,3,X'43',X'EB82B4EBB680ECA1B0EC82AC'),
	(8,4,X'41',X'EC9691EB8F84EC84B8'),
	(9,4,X'42',X'EC8381EC868DEC84B8'),
	(10,4,X'43',X'ECA69DEC97ACEC84B8'),
	(11,5,X'41',X'ED9A8CEAB384EAB090EC82AC'),
	(12,5,X'42',X'EAB8B0ED8380EC9E90EBACB8');

/*!40000 ALTER TABLE `tb_cate` ENABLE KEYS */;
UNLOCK TABLES;


# Dump of table tb_code
# ------------------------------------------------------------

DROP TABLE IF EXISTS `tb_code`;

CREATE TABLE `tb_code` (
  `idx` int(11) NOT NULL AUTO_INCREMENT COMMENT 'idx',
  `c_code` varchar(5) COLLATE utf8_bin NOT NULL COMMENT '??',
  `c_mcode` varchar(5) COLLATE utf8_bin NOT NULL COMMENT '????',
  `c_mname` varchar(150) COLLATE utf8_bin NOT NULL COMMENT '?????',
  `c_name` varchar(150) COLLATE utf8_bin NOT NULL COMMENT '???',
  `c_class` varchar(150) COLLATE utf8_bin DEFAULT NULL,
  `c_level` int(11) DEFAULT '1' COMMENT '????',
  `c_image_name` varchar(250) COLLATE utf8_bin DEFAULT NULL,
  `c_image_path` varchar(250) COLLATE utf8_bin DEFAULT NULL,
  `use_yn` char(1) COLLATE utf8_bin NOT NULL DEFAULT 'Y' COMMENT '????',
  `cre_id` varchar(50) COLLATE utf8_bin NOT NULL COMMENT '???',
  `cre_dtime` datetime NOT NULL DEFAULT CURRENT_TIMESTAMP COMMENT '???',
  `upd_id` varchar(50) COLLATE utf8_bin NOT NULL COMMENT '???',
  `upd_dtime` datetime NOT NULL DEFAULT CURRENT_TIMESTAMP COMMENT '???',
  KEY `CODE_IDX` (`idx`,`c_code`)
) ENGINE=InnoDB DEFAULT CHARSET=utf8 COLLATE=utf8_bin COMMENT='????';

LOCK TABLES `tb_code` WRITE;
/*!40000 ALTER TABLE `tb_code` DISABLE KEYS */;

INSERT INTO `tb_code` (`idx`, `c_code`, `c_mcode`, `c_mname`, `c_name`, `c_class`, `c_level`, `c_image_name`, `c_image_path`, `use_yn`, `cre_id`, `cre_dtime`, `upd_id`, `upd_dtime`)
VALUES
	(1,X'4130303031',X'4130303030',X'31303031',X'EAB095EC9B90EB8F84',X'41',1,NULL,NULL,X'59',X'61646D696E','2019-10-06 15:17:20',X'61646D696E','2019-10-15 19:12:53'),
	(2,X'4130303032',X'4130303030',X'31303031',X'EAB2BDEAB8B0EB8F84',X'41',1,NULL,NULL,X'59',X'61646D696E','2019-10-06 15:17:58',X'61646D696E','2019-10-06 15:17:58'),
	(3,X'4130303033',X'4130303030',X'31303031',X'EAB2BDEC8381EB82A8EB8F84',X'41',1,NULL,NULL,X'59',X'61646D696E','2019-10-06 15:30:08',X'61646D696E','2019-10-06 15:30:08'),
	(4,X'4130303034',X'4130303030',X'31303031',X'EAB2BDEC8381EBB681EB8F84',X'41',1,NULL,NULL,X'59',X'61646D696E','2019-10-06 15:33:27',X'61646D696E','2019-10-06 15:33:27'),
	(5,X'4130303035',X'4130303030',X'31303031',X'EAB491ECA3BCEAB491EC97ADEC8B9C',X'41',1,NULL,NULL,X'59',X'61646D696E','2019-10-06 16:50:32',X'61646D696E','2019-10-06 16:50:52'),
	(6,X'4130303036',X'4130303030',X'31303031',X'EB8C80EAB5ACEAB491EC97ADEC8B9C',X'41',1,NULL,NULL,X'59',X'61646D696E','2019-10-06 16:51:11',X'61646D696E','2019-10-06 16:51:11'),
	(7,X'4130303037',X'4130303030',X'31303031',X'EB8C80ECA084EAB491EC97ADEC8B9C',X'41',1,NULL,NULL,X'59',X'61646D696E','2019-10-06 16:51:17',X'61646D696E','2019-10-06 16:51:17'),
	(8,X'4130303038',X'4130303030',X'4230303033',X'EBB680EC82B0EAB491EC97ADEC8B9C',X'41',1,NULL,NULL,X'59',X'61646D696E','2019-10-06 18:11:10',X'61646D696E','2019-10-07 09:56:22'),
	(9,X'4130303039',X'4130303030',X'4230303033',X'EC849CEC9AB8ED8AB9EBB384EC8B9C',X'41',1,NULL,NULL,X'59',X'61646D696E','2019-10-06 18:11:10',X'61646D696E','2019-10-07 09:56:22'),
	(10,X'4130303130',X'4130303030',X'4230303032',X'EC84B8ECA285ED8AB9EBB384EC9E90ECB998EC8B9C',X'41',1,NULL,NULL,X'59',X'61646D696E','2019-10-06 18:11:10',X'61646D696E','2019-10-07 09:56:22'),
	(11,X'4130303131',X'4130303030',X'4230303032',X'EC9AB8EC82B0EAB491EC97ADEC8B9C',X'41',1,NULL,NULL,X'59',X'61646D696E','2019-10-06 18:11:10',X'61646D696E','2019-10-07 09:56:22'),
	(12,X'4130303132',X'4130303030',X'4230303032',X'EC9DB8ECB29CEAB491EC97ADEC8B9C',X'41',1,NULL,NULL,X'59',X'61646D696E','2019-10-06 18:11:10',X'61646D696E','2019-10-07 09:56:22'),
	(13,X'4130303133',X'4130303030',X'4230303032',X'ECA084EB9DBCEB82A8EB8F84',X'41',1,NULL,NULL,X'59',X'61646D696E','2019-10-06 18:11:10',X'61646D696E','2019-10-07 09:56:22'),
	(14,X'4130303134',X'4130303030',X'4230303032',X'ECA09CECA3BCED8AB9EBB384EC9E90ECB998EB8F84',X'41',1,NULL,NULL,X'59',X'61646D696E','2019-10-06 18:11:10',X'61646D696E','2019-10-07 09:56:22'),
	(15,X'4130303135',X'4130303030',X'4230303032',X'ECB6A9ECB2ADEB82A8EB8F84',X'41',1,NULL,NULL,X'59',X'61646D696E','2019-10-06 18:11:10',X'61646D696E','2019-10-07 09:56:22'),
	(16,X'4130303136',X'4130303030',X'4230303032',X'ECB6A9ECB2ADEBB681EB8F84',X'41',1,NULL,NULL,X'59',X'61646D696E','2019-10-06 18:11:10',X'61646D696E','2019-10-07 09:56:22');

/*!40000 ALTER TABLE `tb_code` ENABLE KEYS */;
UNLOCK TABLES;


# Dump of table tb_company
# ------------------------------------------------------------

DROP TABLE IF EXISTS `tb_company`;

CREATE TABLE `tb_company` (
  `cmp_idx` int(11) NOT NULL AUTO_INCREMENT COMMENT 'IDX',
  `cmp_name` varchar(250) COLLATE utf8_bin DEFAULT NULL COMMENT '???',
  `cmp_number` varchar(50) COLLATE utf8_bin DEFAULT NULL COMMENT '?????',
  `cmp_id` varchar(50) COLLATE utf8_bin NOT NULL COMMENT '??ID',
  `cmp_pass` varchar(50) COLLATE utf8_bin NOT NULL COMMENT '??????',
  `cmp_domain` varchar(250) COLLATE utf8_bin DEFAULT NULL COMMENT '???',
  `cmp_phone` varchar(50) COLLATE utf8_bin NOT NULL COMMENT '???1',
  `cmp_fax` varchar(50) COLLATE utf8_bin DEFAULT NULL COMMENT 'FAX',
  `cmp_address` varchar(250) COLLATE utf8_bin DEFAULT NULL COMMENT 'ADDRESS',
  `cmp_ceo_name` varchar(50) COLLATE utf8_bin NOT NULL COMMENT '????',
  `cmp_email` varchar(50) COLLATE utf8_bin NOT NULL COMMENT '?????',
  `cmp_logo_image` varchar(200) COLLATE utf8_bin DEFAULT NULL COMMENT 'LOGO_IMG',
  `cmp_logo_path` varchar(250) COLLATE utf8_bin DEFAULT NULL COMMENT 'LOGO_IMG_PATH',
  `cmp_footer_image` varchar(200) COLLATE utf8_bin DEFAULT NULL COMMENT 'FOOTER_IMG',
  `cmp_footer_path` varchar(250) COLLATE utf8_bin DEFAULT NULL COMMENT 'FOOTER_PATH',
  `use_yn` char(1) COLLATE utf8_bin NOT NULL DEFAULT 'Y' COMMENT '???? Y:?? N:???',
  `cmp_notice` mediumtext COLLATE utf8_bin COMMENT '????',
  `cmp_text1` mediumtext COLLATE utf8_bin COMMENT '????',
  `expired_date` date NOT NULL COMMENT '?????',
  `cre_dtime` datetime NOT NULL COMMENT '???',
  `upd_dtime` datetime NOT NULL COMMENT '???',
  KEY `CMP_INDEX` (`cmp_idx`,`cmp_id`)
) ENGINE=InnoDB DEFAULT CHARSET=utf8 COLLATE=utf8_bin COMMENT='???? ???';

LOCK TABLES `tb_company` WRITE;
/*!40000 ALTER TABLE `tb_company` DISABLE KEYS */;

INSERT INTO `tb_company` (`cmp_idx`, `cmp_name`, `cmp_number`, `cmp_id`, `cmp_pass`, `cmp_domain`, `cmp_phone`, `cmp_fax`, `cmp_address`, `cmp_ceo_name`, `cmp_email`, `cmp_logo_image`, `cmp_logo_path`, `cmp_footer_image`, `cmp_footer_path`, `use_yn`, `cmp_notice`, `cmp_text1`, `expired_date`, `cre_dtime`, `upd_dtime`)
VALUES
	(1,NULL,NULL,X'61646D696E',X'2A44463335393036443336424430393231333843463846454331353833323933343033383242423236',NULL,X'',NULL,NULL,X'',X'',X'61646D696E2F636F6D70616E792F313533383436303130353830385F77616C6C706170657232796F755F3239363530312E6A7067',X'68747470733A2F2F73332E61702D6E6F727468656173742D322E616D617A6F6E6177732E636F6D2F6D6F756D2E636F6D70616E792F61646D696E2F636F6D70616E792F313533383436303130353830385F77616C6C706170657232796F755F3239363530312E6A7067',X'61646D696E2F636F6D70616E792F313533323931383237323236375F45433246394343302D323342462D343730422D393235312D4530423838354531423945342E6A706567',X'68747470733A2F2F61707069636B636D732E73332E61702D6E6F727468656173742D322E616D617A6F6E6177732E636F6D2F61646D696E2F636F6D70616E792F313533323931383237323236375F45433246394343302D323342462D343730422D393235312D4530423838354531423945342E6A706567',X'59',X'3C64697620636C6173733D2270726976616379223E3C62722F3E202020203C68323EEAB09CEC9DB8ECA095EBB3B4ECB7A8EAB889EBB0A9ECB9A83C2F68323E3C62722F3E202020203C6469763EE3889CEC9E87EB8BA428EC9DB4ED95982C20E28098ED9A8CEC82ACE28099EB9DBC20ED95A9EB8B88EB8BA42E29EB8A9420ECA095EBB3B4ED86B5EC8BA0EC849CEBB984EC8AA4ECA09CEAB3B5EC9E90EAB08020ECA480EC8898ED9598EC97ACEC95BC20ED95A020EAB480EBA0A820EBB295EBA0B9EC8381EC9D9820EAB09CEC9DB8ECA095EBB3B4EBB3B4ED98B820EAB79CECA095EC9D8420ECA480EC8898ED9598EBA9B02C20EAB480EBA0A820EBB295EBA0B9EC979020EB94B0EBA5B820EAB09CEC9DB8ECA095EBB3B4ECB7A8EAB889EBB0A9ECB9A8EC9D8420ECA095ED9598EC97AC20EC82ACEC9AA9EC9E9020EAB68CEC9DB520EBB3B4ED98B8EC979020ECB59CEC84A0EC9D8420EB8BA4ED9598EAB3A020EC9E88EC8AB5EB8B88EB8BA42E3C2F6469763E3C62722F3E202020203C6469763EED9A8CEC82ACEC9D9820EAB09CEC9DB8ECA095EBB3B4ECB7A8EAB889EBB0A9ECB9A8EC9D8020EB8BA4EC9D8CEAB3BC20EAB099EC8AB5EB8B88EB8BA42E3C2F6469763E3C62722F3E202020203C6469763E3C62722F3E20202020202020203C703E3C6120687265663D2223707269766163793031223E312E20EAB09CEC9DB8ECA095EBB3B4EC9D9820ED95ADEBAAA920EBB08F20EC8898ECA791EBB0A9EBB2953C2F613E3C2F703E3C62722F3E20202020202020203C703E3C6120687265663D2223707269766163793032223E322E20EC8898ECA791ED959C20EAB09CEC9DB8ECA095EBB3B4EC9D9820EC9DB4EC9AA9EBAAA9ECA0813C2F613E3C2F703E3C62722F3E20202020202020203C703E3C6120687265663D2223707269766163793033223E332E20EAB09CEC9DB8ECA095EBB3B4EC9D9820EAB3B5EC9CA020EBB08F20ECA09CEAB3B53C2F613E3C2F703E3C62722F3E20202020202020203C703E3C6120687265663D2223707269766163793034223E342E20EAB09CEC9DB8ECA095EBB3B4EC9D9820EBB3B4EC9CA020EBB08F20EC9DB4EC9AA9EAB8B0EAB0843C2F613E3C2F703E3C62722F3E20202020202020203C703E3C6120687265663D2223707269766163793035223E352E20EAB09CEC9DB8ECA095EBB3B420ED8C8CEAB8B0ECA088ECB0A820EBB08F20EBB0A9EBB2953C2F613E3C2F703E3C62722F3E20202020202020203C703E3C6120687265663D2223707269766163793036223E362E20EC82ACEC9AA9EC9E9020EBB08F20EBB295ECA095EB8C80EBA6ACEC9DB8EC9D9820EAB68CEBA6ACEC998020EAB7B820ED9689EC82ACEBB0A9EBB2953C2F613E3C2F703E3C62722F3E20202020202020203C703E3C6120687265663D2223707269766163793037223E372E20EAB09CEC9DB8ECA095EBB3B4EC9D9820EAB8B0EC88A0ECA0812C20EAB480EBA6ACECA08120EBB3B4ED98B820EB8C80ECB1853C2F613E3C2F703E3C62722F3E20202020202020203C703E3C6120687265663D2223707269766163793038223E382E20EAB09CEC9DB8ECA095EBB3B4EAB480EBA6ACECB185EC9E84EC9E90EC9D9820EC97B0EB9DBDECB2983C2F613E3C2F703E3C62722F3E20202020202020203C703E3C6120687265663D2223707269766163793039223E392E20EAB3A0ECA780EC9D9820EC9D98EBACB43C2F613E3C2F703E3C62722F3E202020203C2F6469763E3C62722F3E202020203C656D2069643D22707269766163793031223E312E20EAB09CEC9DB8ECA095EBB3B4EC9D9820ED95ADEBAAA920EBB08F20EC8898ECA791EBB0A9EBB2953C2F656D3E3C62722F3E202020203C6469763E3C62722F3E20202020202020203C756C3E3C62722F3E2020202020202020202020203C6C693EEAB0802E20EAB09CEC9DB8ECA095EBB3B4EC9D9820ED95ADEBAAA920ED9A8CEC82ACEB8A9420EC82ACEC9AA9EC9E90EAB080EC9E852C20EC82ACEC9AA9EC9E90EC8381EB8BB42C20EC849CEBB984EC8AA420ECA09CEAB3B520EB93B1EC9D8420EC9C84ED95B420ECB59CECB48820EC82ACEC9AA9EC9E9020EAB080EC9E8520EC8B9C20EC9584EB9E98EC998020EAB099EC9D8020EAB09CEC9DB8ECA095EBB3B4EBA5BC20EC8898ECA791ED9598EAB3A020EC9E88EC8AB5EB8B88EB8BA42E3C62722F3E202020202020202020202020202020203C6F6C3E3C62722F3E20202020202020202020202020202020202020203C6C693E28312920ED9584EC8898ED95ADEBAAA93A20EC82ACEC9AA9EC9E90EC9D9820EC84B1EBAA852C20ED9CB4EB8C80ED8FB0EBB288ED98B82C20ECA084EC9E90EC9AB0ED8EB8ECA3BCEC868C2C20EC9584EC9DB4EB94942C20EBB984EBB080EBB288ED98B820EB93B120EC82ACEC9AA9EC9E9020EB93B1EBA19DECA095EBB3B43C2F6C693E3C62722F3E20202020202020202020202020202020202020203C6C693E28322920EC84A0ED839DED95ADEBAAA93A20EC82ACEC9AA9EC9E90EC9D9820ED9A8CEC82ACEBAA852C20EC82ACEC9785EC9E9020EB93B1EBA19DEBB288ED98B82C20EC9785ECA2852C20EC9785ED839C20EB93B120E28098EC8BA4EC8B9CEAB08420EC82ACEC9785EAB480EBA6AC20ED9484EBA19CEAB7B8EB9EA8E28099EC82ACEC9AA9EC9D8420EC9C84ED959C20ECA095EBB3B43C2F6C693E3C62722F3E202020202020202020202020202020203C2F6F6C3E3C62722F3E2020202020202020202020203C2F6C693E3C62722F3E2020202020202020202020203C6C693EEB82982E20EAB09CEC9DB8ECA095EBB3B420EC8898ECA791EBB0A9EBB2953C62722F3E202020202020202020202020202020203C703EED9988ED8E98EC9DB4ECA78020EB9890EB8A9420EBAAA8EBB094EC9DBC20EC96B4ED948CEBA6ACECBC80EC9DB4EC85983C2F703E3C62722F3E2020202020202020202020203C2F6C693E3C62722F3E20202020202020203C2F756C3E3C62722F3E202020203C2F6469763E3C62722F3E202020203C656D2069643D22707269766163793032223E322E20EC8898ECA791ED959C20EAB09CEC9DB8ECA095EBB3B4EC9D9820EC9DB4EC9AA9EBAAA9ECA0813C2F656D3E3C62722F3E202020203C6469763E3C62722F3E20202020202020203C756C3E3C62722F3E2020202020202020202020203C6C693EEAB0802E20EC849CEBB984EC8AA420ECA09CEAB3B5EC979020EAB480ED959C20EAB384EC95BD20EC9DB4ED968920EBB08F20EC849CEBB984EC8AA420ECA09CEAB3B5EC979020EB94B0EBA5B820EC9A94EAB888ECA095EC82B02D20ECBBA8ED8590ECB8A020ECA09CEAB3B52C20EC849CEBB984EC8AA420EAB080EC9E852C20EBB380EAB2BD20EBB08F20ED95B4ECA78020EB93B1EC9D8420ED8FACED95A8ED959C20EC82ACEC9AA9EAB384EC95BDEAB480EBA0A820EC82ACED95ADEC9D9820ECB298EBA6AC2D20EAB888EC9CB5EAB1B0EB9E9820EBB3B8EC9DB820EC9DB8ECA69D20EBB08F20EAB888EC9CB5EC849CEBB984EC8AA420EB93B13C2F6C693E3C62722F3E2020202020202020202020203C6C693EEB82982E20EC82ACEC9AA9EC9E90EAB480EBA6AC2D20EC849CEBB984EC8AA420EC82ACEC9AA9EC979020EB94B0EBA5B820EBB3B8EC9DB8ED9995EC9DB82C20EAB09CEC9DB8EC8B9DEBB3842C20EBB680ECA09520EC9DB4EC9AA9EBB0A9ECA780EC998020EBB984EC9DB8EAB08020EC82ACEC9AA9EBB0A9ECA7802C20EAB080EC9E85EC9D98EC82AC20ED9995EC9DB82C20EBB684EC9F81ECA1B0ECA095EC9D8420EC9C84ED959C20EAB8B0EBA19D20EBB3B4ECA1B42C20EBB688EBA78CECB298EBA6AC20EB93B120EBAFBCEC9B90ECB298EBA6AC2C20EAB3A0ECA780EC82ACED95AD20ECA084EB8BAC3C2F6C693E3C62722F3E20202020202020203C2F756C3E3C62722F3E202020203C2F6469763E3C62722F3E202020203C656D2069643D22707269766163793033223E332E20EAB09CEC9DB8ECA095EBB3B4EC9D9820EAB3B5EC9CA020EBB08F20ECA09CEAB3B53C2F656D3E3C62722F3E202020203C6469763EED9A8CEC82ACEB8A9420EC82ACEC9AA9EC9E90EC9D9820EAB09CEC9DB8ECA095EBB3B4EBA5BC20E28098322E20EC8898ECA791ED959C20EAB09CEC9DB8ECA095EBB3B4EC9D9820EC9DB4EC9AA9EBAAA9ECA081E28099EC9790EC849C20EAB3A0ECA780ED959C20EBB294EC9C8420EB82B4EC9790EC849C20EC82ACEC9AA9ED9598EBA9B02C20EC82ACEC9AA9EC9E90EC9D9820EC82ACECA08420EB8F99EC9D9820EC9786EC9DB4EB8A9420EC9C8420EBB294EC9C84EBA5BC20ECB488EAB3BCED9598EC97AC20EC82ACEC9AA9ED9598EAB1B0EB829820EC82ACEC9AA9EC9E90EC9D9820EAB09CEC9DB8ECA095EBB3B4EBA5BC20EC99B8EBB680EC979020EAB3B5EAB09CED9598ECA78020EC958AEC8AB5EB8B88EB8BA42E3C2F6469763E3C62722F3E202020203C656D2069643D22707269766163793034223E342E20EAB09CEC9DB8ECA095EBB3B4EC9D9820EBB3B4EC9CA020EBB08F20EC9DB4EC9AA9EAB8B0EAB0843C2F656D3E3C62722F3E202020203C6469763EEC82ACEC9AA9EC9E90EC9D9820EAB09CEC9DB8ECA095EBB3B4EB8A9420EC8898ECA791ED959C20EAB09CEC9DB8ECA095EBB3B4EC9D9820EC9DB4EC9AA9EBAAA9ECA081EC9DB420EB8BACEC84B1EB9098EBA9B420ECA689EC8B9C20ED8C8CEAB8B0ED95A9EB8B88EB8BA42E20EB8BA4EBA78C2C20EB8BA4EC9D8CEC9D9820EAB2BDEC9AB0EC9790EB8A9420EC9DBCECA095ED959C20EAB8B0EAB08420EB8F99EC958820EAB09CEC9DB8ECA095EBB3B4EBA5BC20EBB3B4EC9CA0ED95A9EB8B88EB8BA42E3C62722F3E20202020202020203C756C3E3C62722F3E2020202020202020202020203C6C693EEAB0802E20ED9A8CEC82AC20EB82B4EBB68020EBB0A9ECB9A8EC979020EB94B0EBA5B820ECA095EBB3B4EBB3B4EC9CA0EAB384EC95BDEC8381EC9D9820EAB68CEBA6AC2C20EC9D98EBACB4EC9D9820EC9DB4ED9689EC9D8420EB8BB4EBB3B4ED9598EAB8B020EC9C84ED95B420ED9584EC9A94ED959C20EAB2BDEC9AB0EC9790EB8A9420EAB7B820EAB8B0EAB08420EB8F99EC958820EAB09CEC9DB8ECA095EBB3B4EBA5BC20EBB3B4EC9CA0ED95A9EB8B88EB8BA42E3C2F6C693E3C62722F3E2020202020202020202020203C6C693EEB82982E20EAB480EBA0A8EBB295EBA0B9EC979020EB94B0EBA5B820ECA095EBB3B4EBB3B4EC9CA020EAB480EBA0A8EBB295EBA0B9EC979020EB94B0EB9DBC20EBB3B4EC9CA0ED95A020ED9584EC9A94EAB08020EC9E88EB8A9420EAB2BDEC9AB020ED9A8CEC82ACEB8A9420EAB480EBA0A8EBB295EBA0B9EC9790EC849C20ECA095ED959C20EAB8B0EAB08420EB8F99EC958820EAB09CEC9DB8ECA095EBB3B4EBA5BC20EBB3B4EC9CA0ED95A9EB8B88EB8BA42E3C62722F3E202020202020202020202020202020203C703E2D20EAB384EC95BD20EB9890EB8A9420ECB2ADEC95BDECB2A0ED9A8C20EB93B1EC979020EAB480ED959C20EAB09CEC9DB8ECA095EBB3B4EB8A942035EB85843C2F703E3C62722F3E202020202020202020202020202020203C703E2D20EB8C80EAB888EAB2B0ECA09C20EBB08F20EC9EACED999420EB93B1EC9D9820EAB3B5EAB889EC979020EAB480ED959C20EAB09CEC9DB8ECA095EBB3B4EB8A942035EB85843C2F703E3C62722F3E202020202020202020202020202020203C703E2D20EC868CEBB984EC9E90EC9D9820EBB688EBA78C20EB9890EB8A9420EBB684EC9F81ECB298EBA6ACEC979020EAB480ED959C20EAB09CEC9DB8ECA095EBB3B4EB8A942033EB85843C2F703E3C62722F3E202020202020202020202020202020203C703E2D20EBB3B8EC9DB8ED9995EC9DB8EC979020EAB480ED959C20EAB09CEC9DB8ECA095EBB3B4EB8A942036EAB09CEC9B9420EB93B13C2F703E3C62722F3E2020202020202020202020203C2F6C693E3C62722F3E20202020202020203C2F756C3E3C62722F3E202020203C2F6469763E3C62722F3E202020203C656D2069643D22707269766163793035223E352E20EAB09CEC9DB8ECA095EBB3B420ED8C8CEAB8B0ECA088ECB0A820EBB08F20EBB0A9EBB2953C2F656D3E3C62722F3E202020203C6469763E3C62722F3E20202020202020203C756C3E3C62722F3E2020202020202020202020203C6C693EEAB0802E20ED8C8CEAB8B0ECA088ECB0A8EC82ACEC9AA9EC9E90EC9D9820EAB09CEC9DB8ECA095EBB3B4EB8A9420EC8898ECA791ED959C20EAB09CEC9DB8ECA095EBB3B4EC9D9820EC9DB4EC9AA9EBAAA9ECA081EC9DB420EB8BACEC84B1EB9098EBA9B420ECA689EC8B9C20ED8C8CEAB8B0ED95A9EB8B88EB8BA42E20EB8BA4EBA78C2C20ED9A8CEC82AC20EB82B4EBB68020EBB0A9ECB9A820EBB08F20EAB480EBA0A8EBB295EBA0B9EC979020EB94B0EB9DBC20EAB09CEC9DB8ECA095EBB3B4EBA5BC20EBB3B4EC9CA0ED9598EB8A9420EAB2BDEC9AB0EC9790EB8A9420EC9DBCECA09520EAB8B0EAB084EB8F99EC958820EBB3B4EC9CA0EB909C20ED9B8420ED8C8CEAB8B0EB90A9EB8B88EB8BA42E3C2F6C693E3C62722F3E2020202020202020202020203C6C693EEB82982E20ED8C8CEAB8B0EBB0A9EBB2952D20ECA285EC9DB4EC979020ECB69CEBA0A5EB909C20EAB09CEC9DB8ECA095EBB3B4EB8A9420EBB684EC8784EAB8B0EBA19C20EBB684EC8784ED9598EAB1B0EB829820EC868CEAB081EC9D8420ED86B5ED9598EC97AC20ED8C8CEAB8B0ED95A9EB8B88EB8BA42E3C62722F3E202020202020202020202020202020203C703E2D20ECA084EC9E90ECA08120ED8C8CEC9DBC20ED9895ED839CEBA19C20ECA080EC9EA5EB909C20EAB09CEC9DB8ECA095EBB3B4EB8A9420EAB8B0EBA19DEC9D8420EC9EACEC839DED95A020EC889820EC9786EB8A9420EAB8B0EC88A0ECA08120EBB0A9EBB295EC9D8420EC82ACEC9AA9ED9598EC97AC20EC82ADECA09CED95A9EB8B88EB8BA42E3C2F703E3C62722F3E2020202020202020202020203C2F6C693E3C62722F3E20202020202020203C2F756C3E3C62722F3E202020203C2F6469763E3C62722F3E202020203C656D2069643D22707269766163793036223E362E20EC82ACEC9AA9EC9E9020EBB08F20EBB295ECA095EB8C80EBA6ACEC9DB8EC9D9820EAB68CEBA6ACEC998020EAB7B820ED9689EC82ACEBB0A9EBB2953C2F656D3E3C62722F3E202020203C6469763E3C62722F3E20202020202020203C703E2D20EC82ACEC9AA9EC9E9020EBB08F20EBB295ECA095EB8C80EBA6ACEC9DB8EC9D8020EC96B8ECA09CEB93A0ECA78020ED9A8CEC82ACEC979020EC9E88EB8A9420EAB09CEC9DB8ECA095EBB3B4EC979020EB8C80ED95B420EC97B4EB9E8CEC9D8420EC9A94EAB5ACED95A020EC889820EC9E88EC9CBCEBA9B02C20EAB7B820ECA095EBB3B4EC979020EC98A4EBA598EAB08020EC9E88EB8A9420EAB2BDEC9AB0EC9790EB8A9420ECA095ECA09520EBB08F20EC82ADECA09CEBA5BC20EC9A94EAB5ACED95A020EC889820EC9E88EC8AB5EB8B88EB8BA42E3C2F703E3C62722F3E20202020202020203C703E2D20EC82ACEC9AA9EC9E9020EBB08F20EBB295ECA095EB8C80EBA6ACEC9DB8EC9DB420EAB09CEC9DB8ECA095EBB3B4EC9D9820EC98A4EBA598EC979020EB8C80ED959C20ECA095ECA095EC9D8420EC9A94ECB2ADED959C20EAB2BDEC9AB0EC9790EB8A9420ECA095ECA095EC9DB420EB90A020EB958CEAB98CECA78020EB8BB9ED95B420EAB09CEC9DB8ECA095EBB3B4EBA5BC20EC9DB4EC9AA9ED9598EAB1B0EB829820ECA09C33EC9E90EC9790EAB28C20ECA09CEAB3B5ED95A020EC889820EC9786EC8AB5EB8B88EB8BA42E3C2F703E3C62722F3E20202020202020203C703E2D20EC98A4EBA598EAB08020EC9E88EB8A9420EAB09CEC9DB8ECA095EBB3B4EBA5BC20ECA09C33EC9E90EC9790EAB28C20EC9DB4EBAFB820ECA09CEAB3B5ED959C20EAB2BDEC9AB0EC9790EB8A9420ECA095ECA09520ECB298EBA6ACEAB2B0EAB3BCEBA5BC20ECA689EC8B9C20ECA09C33EC9E90EC9790EAB28C20ED86B5ECA780ED9598EC97AC20ECA095ECA095EC9DB420EC9DB4EBA3A8EC96B4ECA780EB8F84EBA19D20ED95A9EB8B88EB8BA42E3C2F703E3C62722F3E20202020202020203C703E2D20EC82ACEC9AA9EC9E9020EBB08F20EBB295ECA095EB8C80EBA6ACEC9DB8EC9DB420EC98A4EBA598EAB08020EC9E88EB8A9420EAB09CEC9DB8ECA095EBB3B4EC9D9820EC82ADECA09CEBA5BC20EC9A94EAB5ACED959C20EAB2BDEC9AB02C20EC82ADECA09CEB909C20EB8BB9ED95B420EAB09CEC9DB8ECA095EBB3B4EBA5BC20EC9DB4EC9AA9ED9598EAB1B0EB829820ECA09C33EC9E90EC9790EAB28C20ECA09CEAB3B5ED95A020EC889820EC9786EC8AB5EB8B88EB8BA42E3C2F703E3C62722F3E20202020202020203C703E2D20EC98A4EBA598EBA5BC20EC9DB4EC9CA0EBA19C20EC82ADECA09CEBA5BC20EC9A94EAB5ACED959C20EAB09CEC9DB8ECA095EBB3B4EBA5BC20ECA09C33EC9E90EC9790EAB28C20EC9DB4EBAFB820ECA09CEAB3B5ED959C20EAB2BDEC9AB0EC9790EB8A9420ECA689EC8B9C20ECA09C33EC9E90EC9790EAB28C20ED86B5ECA780ED9598EC97AC20EC82ADECA09CEAB08020EC9DB4EBA3A8EC96B4ECA780EB8F84EBA19D20ED95A9EB8B88EB8BA42E3C2F703E3C62722F3E20202020202020203C703E2D20EBA78C3134EC84B820EBAFB8EBA78CEC9D9820EBAFB8EC84B1EB8584EC9E90EC979020EAB480ED959C20EAB09CEC9DB8ECA095EBB3B4EB8A9420EBB295ECA095EB8C80EBA6ACEC9DB8EC9D9820EB8F99EC9D9820EC9786EC9DB4EB8A9420EC8898ECA7912C20EC9DB4EC9AA9ED95A020EC889820EC9786EC8AB5EB8B88EB8BA42E3C2F703E3C62722F3E202020203C2F6469763E3C62722F3E202020203C656D2069643D22707269766163793037223E372E20EAB09CEC9DB8ECA095EBB3B4EC9D9820EAB8B0EC88A0ECA0812C20EAB480EBA6ACECA08120EBB3B4ED98B820EB8C80ECB1853C2F656D3E3C62722F3E202020203C6469763EED9A8CEC82ACEB8A9420EC82ACEC9AA9EC9E90EB93A4EC9D9820EAB09CEC9DB8ECA095EBB3B4EBA5BC20ECB298EBA6ACED95A8EC979020EC9E88EC96B420EAB09CEC9DB8ECA095EBB3B4EAB08020EBB684EC8BA42C20EB8F84EB829C2C20EC9CA0ECB69C2C20EC9C84ECA1B02C20EBB380ECA1B020EB9890EB8A9420ED9BBCEC8690EB9098ECA78020EC958AEB8F84EBA19D20EC9588ECA084EC84B120ED9995EBB3B4EBA5BC20EC9C84ED9598EC97AC20EB8BA4EC9D8CEAB3BC20EAB099EC9D8020EAB8B0EC88A0ECA0812C20EAB480EBA6ACECA08120EBB3B4ED98B8EB8C80ECB185EC9D8420ECB7A8ED9598EAB3A020EC9E88EC8AB5EB8B88EB8BA42E3C62722F3E20202020202020203C756C3E3C62722F3E2020202020202020202020203C6C693EEAB0802E20EBB984EBB080EBB288ED98B8EC9D9820EC9594ED98B8ED9994ED9A8CEC82ACEB8A9420EC82ACEC9AA9EC9E90EC9D9820EC9584EC9DB4EB9494EC998020EBB984EBB080EBB288ED98B8EBA5BC20EC9594ED98B8ED9994ED9598EC97AC20ECA080EC9EA52C20EAB480EBA6ACED9598EAB3A020EC9E88EC8AB5EB8B88EB8BA42E3C2F6C693E3C62722F3E2020202020202020202020203C6C693EEB82982E20ED95B4ED82B920EB93B1EC979020EB8C80EBB984ED959C20EB8C80ECB1852D20ED9A8CEC82ACEB8A9420ED95B4ED82B9EC9DB4EB829820ECBBB4ED93A8ED84B020EBB094EC9DB4EB9FACEC8AA420EB93B1EC979020EC9D98ED95B420EC82ACEC9AA9EC9E90EC9D9820EAB09CEC9DB8ECA095EBB3B4EAB08020EC9CA0ECB69CEB9098EAB1B0EB829820ED9BBCEC8690EB9098EB8A9420EAB283EC9D8420EBA789EAB8B020EC9C84ED95B420ECB59CEC84A0EC9D8420EB8BA4ED9598EAB3A020EC9E88EC8AB5EB8B88EB8BA42E3C62722F3E202020202020202020202020202020203C703E2D20EAB09CEC9DB8ECA095EBB3B4EC9D9820ED9BBCEC8690EC979020EB8C80EBB984ED95B4EC849C20EC8898EC8B9CEBA19C20EBB0B1EC9785ED9598EAB3A020EC9E88EC8AB5EB8B88EB8BA42E3C2F703E3C62722F3E202020202020202020202020202020203C703E2D20ECB59CEC8BA020EBB0B1EC8BA0ED9484EBA19CEAB7B8EB9EA8EC9D8420EC9DB4EC9AA9ED9598EC97AC20EC82ACEC9AA9EC9E90EB93A4EC9D9820EAB09CEC9DB8ECA095EBB3B4EAB08020EC9CA0ECB69C2C20EC9C84ECA1B0EB9098EAB1B0EB829820EC8690EC8381EB9098ECA78020EC958AEB8F84EBA19D20EBB0A9ECA780ED9598EAB3A020EC9E88EC8AB5EB8B88EB8BA42E3C2F703E3C62722F3E202020202020202020202020202020203C703E2D2053534C20EBB3B4EC9588EC849CEBB28420EAB5ACECB695EC9D8420ED86B5ED95B420EC9594ED98B8ED9994ED86B5EC8BA020EB93B1EC9CBCEBA19C20EC9DB8ED84B0EB84B7EC8381EC9790EC849C20EAB09CEC9DB8ECA095EBB3B4EBA5BC20EC9588ECA084ED9598EAB28C20ECA084EC86A1ED95A020EC889820EC9E88EB8F84EBA19D20ED9598EAB3A020EC9E88EC8AB5EB8B88EB8BA42E203C2F703E3C62722F3E202020202020202020202020202020203C703E2D20ECB9A8EC9E85ECB0A8EB8BA8EC8B9CEC8AA4ED859CEC9D8420EC9DB4EC9AA9ED9598EC97AC20EC99B8EBB680EBA19CEBB680ED84B0EC9D9820EBACB4EB8BA820ECA091EAB7BCEC9D8420ED86B5ECA09CED9598EAB3A020EC9E88EC9CBCEBA9B02C20EAB8B0ED838020EC8B9CEC8AA4ED859CECA081EC9CBCEBA19C20EBB3B4EC9588EC84B1EC9D8420ED9995EBB3B4ED9598EAB8B020EC9C84ED95B420EAB080EB8AA5ED959C20EBAAA8EB93A020EAB8B0EC88A0ECA08120EC9EA5ECB998EBA5BC20EAB096ECB694EBA0A420EB85B8EBA0A5ED9598EAB3A020EC9E88EC8AB5EB8B88EB8BA42E3C2F703E3C62722F3E2020202020202020202020203C2F6C693E3C62722F3E2020202020202020202020203C6C693EEB8BA42E20EAB09CEC9DB8ECA095EBB3B4EAB480EBA6ACECB185EC9E84EC9E90EC9D9820ECA780ECA095EAB3BC20EC9AB4EC9881ED9A8CEC82ACEB8A9420EC82ACEC9AA9EC9E90EC9D9820EAB09CEC9DB8ECA095EBB3B420EBB3B4ED98B8EBA5BC20EC9C84ED95B420EAB09CEC9DB8ECA095EBB3B4EAB480EBA6ACECB185EC9E84EC9E90EBA5BC20ECA780ECA095ED9598EC97AC20EC9AB4EC9881ED9598EAB3A020EC9E88EC8AB5EB8B88EB8BA42E203C2F6C693E3C62722F3E20202020202020203C2F756C3E3C62722F3E202020203C2F6469763E3C62722F3E202020203C656D2069643D22707269766163793038223EEFBC982E20EAB09CEC9DB8ECA095EBB3B4EAB480EBA6ACECB185EC9E84EC9E90EC9D9820EC97B0EB9DBDECB2983C2F656D3E3C62722F3E202020203C6469763E3C62722F3E20202020202020203C703EEAB09CEC9DB8ECA095EBB3B4EAB480EBA6ACECB185EC9E84EC9E903C2F703E3C62722F3E20202020202020203C703EEC9DB420EBA684203A203030303C2F703E3C62722F3E20202020202020203C703EECA78120EC9C84203A203030303C2F703E3C62722F3E20202020202020203C703EECA08420ED9994203A20303030302D303030303C2F703E3C62722F3E20202020202020203C703EEBA99420EC9DBC203A203C2F703E3C62722F3E202020203C2F6469763E3C62722F3E202020203C656D2069643D22707269766163793039223E392E20EAB3A0ECA780EC9D9820EC9D98EBACB43C2F656D3E3C62722F3E202020203C6469763E3C62722F3E20202020202020203C703E2D20EAB09CEC9DB8ECA095EBB3B4ECB7A8EAB889EBB0A9ECB9A8EC9D9820EAB09CECA095EC9DB420EC9E88EB8A9420EAB2BDEC9AB02C20EAB09CECA09520ED9B8420ECA689EC8B9C20ED9988ED8E98EC9DB4ECA780EC9D9820E28098EAB3B5ECA780EC82ACED95ADE28099EC9D8420ED86B5ED95B420EAB3A0ECA780ED95A9EB8B88EB8BA42E3C2F703E3C62722F3E20202020202020203C703E2D20EC8B9CED9689EC9DBCEC9E903A2032303139EB8584203131EC9B94203030EC9DBC3C2F703E3C62722F3E202020203C2F6469763E3C62722F3E3C2F6469763E',X'3C64697620636C6173733D2270726976616379223E3C62722F3E202020203C68323EECA3BCEC8B9DED9A8CEC82AC20EC9E87EB8BA420EBA9A4EBB284EC8BAD20EC849CEBB984EC8AA420ED8AB9EBB384EC82ACEC9AA9EC95BDEAB4803C2F68323E3C62722F3E202020203C656D3EE3809031E3809120EBA9A4EBB284EC8BAD20EC849CEBB984EC8AA4EC979020EB8C80ED959C20EC9588EB82B43C2F656D3E3C62722F3E202020203C6469763E3C62722F3E20202020202020203C756C3E3C62722F3E2020202020202020202020203C6C693E312E20EBB3B820EBA9A4EBB284EC8BAD20EC849CEBB984EC8AA4EB8A9420E38090ECA3BCEC8B9DED9A8CEC82AC20EC9E87EB8BA4E38091EC9D9820ED9988ED8E98EC9DB4ECA780EC9790EC849C20EAB3A0EAB09DEC9790EAB28C20EAB2ACECA081EC849CEBA5BC20EBB09CEC86A1ED9598EB8A9420EAB283EBBF90EBA78C20EC9584EB8B88EB9DBC2C20ED9A8CEC82ACEC9D9820EBA788ECBC80ED8C8520EBB984EC9AA9EC9CBCEBA19C20ED95B4EB8BB920EBA9A4EBB284EC8BAD20ED9A8CEC9B90EC9D8420ED998DEBB3B4ED9598EAB3A02C20ECA084EB8BB4ECBBA8EC84A4ED84B4ED8AB8EBA5BC20ECA780ECA095ED9598EC97AC20ED9A8CEC9B90EC9D9820EBA788ECBC80ED8C85EC9D8420EAB480EBA6ACED9598EB8A942020ECA285ED95A920EC849CEBB984EC8AA4EBA5BC20ED8FACED95A8ED95A9EB8B88EB8BA42E3C2F6C693E3C62722F3E2020202020202020202020203C6C693E322E20EBA9A4EBB284EC8BAD20ED9A8CEC9B90EC9D8020E38090ECA3BCEC8B9DED9A8CEC82AC20EC9E87EB8BA4E38091EC9D9820ED9988ED8E98EC9DB4ECA780EBA5BC20EAB491EAB3A0EBA7A4ECB2B4EBA19C20ED9598EC97AC20EBA9A4EBB284EC8BAD20EAB080EC9E8520EAB8B0EAB08420EB8F99EC958820EAB491EAB3A0EC979020EB85B8ECB69CEB90A9EB8B88EB8BA42E20EBA9A4EBB284EC8BAD20ED9A8CEC9B90EC9D8020E28098EBA9A4EBB284EC8BAD20EAB480EBA6AC20ED8E98EC9DB4ECA780E2809920EBA5BC20ED86B5ED95B420EBA9A4EBB284EC8BAD20ED9A8CEC9B90EC979020EB8C80ED959C20EAB491EAB3A020EC8B9CEC8AA4ED859CEC9DB820E28098ED9484EBA19CED958420ED998DEBB3B4E2809920EAB8B0EB8AA5EC9D8420EC84A0ED839DED95A020EC889820EC9E88EC8AB5EB8B88EB8BA42E20EC9E87EB8BA4EAB08020ECA780ECA095ED959C20EAB491EAB3A0EBA7A4ECB2B4EC9D9820EBA6ACEC8AA4ED8AB820EBB08F20ED9484EBA19CED958420ED998DEBB3B4EBA5BC20EC9C84ED959C20ECB59CEC868C20EAB8B0ECA480EC9D8020EBB380EAB2BDEB90A020EC889820EC9E88EC9CBCEBA9B020EC9DB4EC979020EB8C80ED9598EC97ACEB8A9420EC9E87EB8BA420EB82B420E28098ED9484EBA19CED958420ED998DEBB3B420EC84A4ECA095E2809920ED8E98EC9DB4ECA780EC9790EC849C20EBB384EB8F8420EC9588EB82B4ED95A9EB8B88EB8BA42E3C2F6C693E3C62722F3E2020202020202020202020203C6C693E332E20EBA9A4EBB284EC8BAD20ED9A8CEC9B90EC9D8020ECA084EB8BB420ECBBA8EC84A4ED84B4ED8AB8EC979020EC9D98ED959C20313A3120EAB480EBA6AC20EB93B120EBA9A4EBB284EC8BAD20EC9DB4EC9AA920EAB480EBA6AC20EC849CEBB984EC8AA4EBA5BC20EBB09BEC9D8420EC889820EC9E88EC8AB5EB8B88EB8BA42E20ED9A8CEC82ACEB8A9420EBA9A4EBB284EC8BAD20ED9A8CEC9B90EC9790EAB28C20EC9DBCEBB68020EAB2ACECA081EC9A94ECB2ADEC849CEC979020EB8C80ED95B420EBACB4EBA38CEBA19C20ECA781ECA09120EB9890EB8A9420EC9E90EB8F99EC9CBCEBA19C20EAB2ACECA081EC849CEBA5BC20EBB3B4EB82BC20EC889820EC9E88EB8A9420EAB8B0ED9A8CEBA5BC20ECA09CEAB3B5ED95A9EB8B88EB8BA42E3C2F6C693E3C62722F3E20202020202020203C2F756C3E3C62722F3E202020203C2F6469763E3C62722F3E202020203C656D3EE3809032E3809120EBA9A4EBB284EC8BAD20EC849CEBB984EC8AA4EC9D9820EAB1B0EB9E98ECA1B0EAB1B4EC979020EB8C80ED959C20EC9588EB82B43C2F656D3E3C62722F3E202020203C6469763E3C62722F3E20202020202020203C756C3E3C62722F3E2020202020202020202020203C6C693E312E205BEAB080EAB2A920EBB08F20EAB8B0EAB0845D20EBA9A4EBB284EC8BAD20EC849CEBB984EC8AA4EC9D9820EC9DB4EC9AA9EAB384EC95BDEAB8B0EAB084EC9D802031EB8584EC9DB4EAB3A02C20EBA9A4EBB284EC8BAD20ED9A8CEC9B90EBB984EB8A9420EB858420EAB08420EC9DBCEBB0B1EBA78CEC9B90EC9CBCEBA19C20ED95A9EB8B88EB8BA42E20ECB694EAB080ECA081EC9CBCEBA19C20EBB984EAB590EAB2ACECA08120EC8694EBA3A8EC8598EC9DB420EC9984EBA38CEB909C20ED9B842C20EB8584EAB08420EAB8B0EC9EA5EBA38C20ED95A9EAB384EAB888EC9D9820323025EC979020ED95B4EB8BB9ED9598EB8A9420EAB888EC95A1EC9D8420ED948CEB9EABED8FBC20EC82ACEC9AA920EC8898EC8898EBA38CEBA19C20EBB680EAB3BCED95A9EB8B88EB8BA42E3C2F6C693E3C62722F3E2020202020202020202020203C6C693E322E205BEC849CEBB984EC8AA420ECA09CEAB3B520EAB8B0EAB0845D20EBA9A4EBB284EC8BAD20EC849CEBB984EC8AA420EAB2B0ECA09C20ED9B8420ECA689EC8B9C20EC849CEBB984EC8AA420ECA09CEAB3B5EC9DB420EAB09CEC8B9CEB9098EBA9B020EC9DB4EBA19CEBB680ED84B020ECA095EAB8B020EAB080EC9E8520EAB8B0EAB08420EB8F99EC958820EC849CEBB984EC8AA4EAB08020ECA09CEAB3B5EB9098EB8A9420EAB283EC9D8420EC9B90ECB999EC9CBCEBA19C20ED95A9EB8B88EB8BA42E3C2F6C693E3C62722F3E2020202020202020202020203C6C693E332E205BEC9DB4EC9AA9EAB384EC95BDEC9D9820EAB0B1EC8BA020ED86B5ECA7805D20ED9A8CEC82ACEB8A9420EBA9A4EBB284EC8BAD20EC849CEBB984EC8AA420EAB384EC95BDEAB8B0EAB084EC9DB420EB819DEB8298EAB8B02031ECA3BCEC9DBC20ECA084EC979020ED9A8CEC9B90EC9790EAB28C20EC9DB4EC9AA9EAB384EC95BDEC9D9820EAB0B1EC8BA020EC82ACEC8BA4EC9D8420ED9A8CEC9B90EC9D9820EC9DB4EBA994EC9DBC20EB9890EB8A9420534E532C20EAB8B0ED838020ECA084EC9E90EC849CEBA9B420EB93B1EC9CBCEBA19C20ED86B5ECA780ED95A9EB8B88EB8BA42E20EB8BA4EBA78C2C20EC9DB4EC9AA9EAB384EC95BDEAB8B0EAB084EC9D9820EB8BA8EC9C84EAB0802031EB858420EC9DB4EC8381EC9DB820EAB2BDEC9AB020ED86B5ECA780EAB8B0EAB084EC9D8020EAB384EC95BDEAB8B0EAB084EC9DB420EB819DEB8298EAB8B0203330EC9DBC20ECA084EAB98CECA780EBA19C20ED95A9EB8B88EB8BA42E3C2F6C693E3C62722F3E2020202020202020202020203C6C693E342E205BEC9DB4EC9AA9EAB384EC95BDEC9D9820EAB0B1EC8BA020EBB0A9EBB2955D20ED9A8CEC9B90EC9DB420283329EC9D9820ED86B5ECA780EBA5BC20EBB09BEC9D8020EB82A0EBA19CEBB680ED84B02031ECA3BCEC9DBC20EC9DB4EB82B42831EB858420EC9DB4EC838120EAB384EC95BDEC9D9820EAB2BDEC9AB020ED86B5ECA780EBA5BC20EBB09BEC9D8020EB82A0EBA19CEBB680ED84B0203330EC9DBC20EC9DB4EB82B429EC979020EBB384EB8F84EC9D9820EC9D98EC82ACED919CEC8B9CEBA5BC20ED9598ECA78020EC958AEC9CBCEBA9B420EBB3B820EBA9A4EBB284EC8BAD20EAB384EC95BDEC9D8020EB8F99EC9DBCED959C20EAB8B0EAB08420EB8F99EC958820EC97B0EC9EA5EB90A9EB8B88EB8BA42E3C2F6C693E3C62722F3E20202020202020203C2F756C3E3C62722F3E202020203C2F6469763E3C62722F3E202020203C656D3EE3809033E3809120EBA9A4EBB284EC8BAD20EC849CEBB984EC8AA4EC9D9820EAB2B0ECA09CEBB0A9EBB2953C2F656D3E3C62722F3E202020203C6469763E3C62722F3E20202020202020203C756C3E3C62722F3E2020202020202020202020203C6C693E312E20EBA9A4EBB284EC8BAD20ED9A8CEC9B90EC9D8020ECA095EAB8B020EC9E90EB8F99EAB2B0ECA09C20EBB0A9EBB295EC9CBCEBA19C20EBA9A4EBB284EC8BAD20EC849CEBB984EC8AA4EC9D9820EC9DB4EC9AA9EB8C80EAB080EBA5BC20ECA780EBB688ED9598EBA9B020ED9A8CEC82ACEB8A9420EC9DB4EC979020EB8C80ED9598EC97AC20ECB59CECB48820EAB2B0ECA09CEC8B9C20ED9A8CEC9B90EC9D9820EC82ACECA08420EB8F99EC9D98EBA5BC20EBB09BEC8AB5EB8B88EB8BA42E3C2F6C693E3C62722F3E2020202020202020202020203C6C693E322E2031EB858420ECA095EAB8B0EAB2B0ECA09CEC9D9820EAB2BDEC9AB0EC9790EB8A9420ECB59CECB48820EAB2B0ECA09CEC9B94E28899EC9DBC20EC9DB4ED9B8420EBA7A4EB858420EB8F99EC9DBC20EAB2B0ECA09CEC9B94E28899EC9DBCEC979020EAB2B0ECA09CEAB08020EC9E90EB8F99EC9CBCEBA19C20ECA784ED9689EB90A9EB8B88EB8BA42E3C2F6C693E3C62722F3E2020202020202020202020203C6C693E332E20EBA9A4EBB284EC8BAD20ED9A8CEC9B90EC9DB420EC9C8420ED95ADEC979020EAB79CECA095EB909C20EBB094EC998020EAB099EC9DB420EBB384EB8F84EC9D9820EC9D98EC82ACED919CEC8B9CEBA5BC20ED9598ECA78020EC9584EB8B88ED9598EBA9B420ECA095EAB8B020EC9E90EB8F99EAB2B0ECA09CEAB08020EC9CA0ECA780EB9098EBA9B02C20ED9A8CEC9B9020EBB384EB8F84EC9D9820EC9D98EC82ACED919CEC8B9CEBA5BC20ED86B5ED95B420EAB384EC95BDEC9DB420EAB0B1EC8BA0EB9098ECA78020EC9584EB8B88ED9598EBA9B420EB8BA4EC9D8C20ECA095EAB8B020EAB2B0ECA09CEB8F8420EC9DB4EBA3A8EC96B4ECA780ECA78020EC958AEC8AB5EB8B88EB8BA42E3C2F6C693E3C62722F3E2020202020202020202020203C6C693E342E20ECA095EAB8B020EC9E90EB8F99EAB2B0ECA09CEB8A9420EBA9A4EBB284EC8BAD20ED9A8CEC9B90EC9DB420EB93B1EBA19DED959C20EC8BA0EC9AA9ECB9B4EB939C2C20ECB2B4ED81ACECB9B4EB939C2C20ED9CB4EB8C80ED8FB020EAB2B0ECA09C20EAB8B0EB8AA5EC99B820EAB384ECA28CEC9DB4ECB2B420EB93B1EC9D9820EBB0A9EBB295EC9CBCEBA19C20EAB080EB8AA5ED95A9EB8B88EB8BA42E3C2F6C693E3C62722F3E2020202020202020202020203C6C693E352E20EB8BA4EC9D8C20EC9E90EB8F99EAB2B0ECA09C20EC9DBCEC8B9CEC979020EB8C80ED959C20EC82ACED95ADEC9D8020E28098EC84A4ECA095203EEAB2B0ECA09CEC8381EC84B8ECA095EBB3B4E2809920ED8E98EC9DB4ECA780EC9790EC849C20EC8381EC8B9C20ED9995EC9DB8ED95A020EC889820EC9E88EC8AB5EB8B88EB8BA42E3C2F6C693E3C62722F3E20202020202020203C2F756C3E3C62722F3E202020203C2F6469763E3C62722F3E202020203C656D3EE3809034E3809120EBA9A4EBB284EC8BAD20EC849CEBB984EC8AA420EC9DB4EC9AA9EBB0A9EBB295EC979020EB8C80ED959C20EC9588EB82B43C2F656D3E3C62722F3E202020203C6469763E3C62722F3E20202020202020203C756C3E3C62722F3E2020202020202020202020203C6C693E312E205BEC849CEBB984EC8AA420EC9DB4EC9AA9EBB0A9EBB2955D20EBB3B820EC9588EB82B420EC82ACED95ADEC979020EC9E91EC84B1EB909C20EC82ACED95AD20EC99B8EC9790EB8A9420E38090ECA3BCEC8B9DED9A8CEC82AC20EC9E87EB8BA4E38091EC9D9820EC9DB4EC9AA9EC95BDEAB480EC979020EB94B0EBA685EB8B88EB8BA42E3C2F6C693E3C62722F3E2020202020202020202020203C6C693E322E205BEC9DB4EC9AA9EC979020EB8C80ED959C20EBACB8EC9D985D20EBB3B820EBA9A4EBB284EC8BAD20EC849CEBB984EC8AA4EC979020EB8C80ED959C20EC9DB4EC9AA9EBACB8EC9D98EB8A9420E38090ECA3BCEC8B9DED9A8CEC82AC20EC9E87EB8BA4E38091EAB3A0EAB09DEC84BCED84B020313530302D30303030EBA19C20ED95A020EC889820EC9E88EC8AB5EB8B88EB8BA42E3C2F6C693E3C62722F3E20202020202020203C2F756C3E3C62722F3E202020203C2F6469763E3C62722F3E202020203C656D3EE3809035E3809120EBA9A4EBB284EC8BAD20EC849CEBB984EC8AA4EC9D9820ECB2ADEC95BDECB2A0ED9A8C2FED95B4ECA78020EBB08F20ED9998EBB688EC979020EB8C80ED959C20EC9588EB82B43C2F656D3E3C62722F3E202020203C6469763EEBA9A4EBB284EC8BAD20ED9A8CEC9B90EC9DB420EC849CEBB984EC8AA4EBA5BC20EC82ACEC9AA9ED9598ECA78020EC958AEC9D8020EAB2BDEC9AB0EC9790EB8A9420EAB2B0ECA09CEC9DBCEBA19CEBB680ED84B02037EC9DBC20EC9DB4EB82B4EC979020EAB384EC95BDECB2A0ED9A8CEBA5BC20ED95A020EC889820EC9E88EC8AB5EB8B88EB8BA42E3C2F6469763E3C62722F3E202020203C656D3EE38090EBB68020ECB999E380913C2F656D3E3C62722F3E202020203C6469763EEC9DB420EC95BDEAB480EC9D802032303139EB8584203131EC9B94203135EC9DBCEBB680ED84B020EC8B9CED9689ED95A9EB8B88EB8BA42E3C2F6469763E3C62722F3E3C2F6469763E73','2020-12-08','2016-11-08 11:11:11','2020-01-20 05:21:16'),
	(2,NULL,NULL,X'7374657665',X'2A44423436393037304442304144304341304239333034304431363644374643343731334436393631',NULL,X'',NULL,NULL,X'',X'',X'61646D696E2F636F6D70616E792F313533383436303130353830385F77616C6C706170657232796F755F3239363530312E6A7067',X'68747470733A2F2F73332E61702D6E6F727468656173742D322E616D617A6F6E6177732E636F6D2F6D6F756D2E636F6D70616E792F61646D696E2F636F6D70616E792F313533383436303130353830385F77616C6C706170657232796F755F3239363530312E6A7067',X'61646D696E2F636F6D70616E792F313533323931383237323236375F45433246394343302D323342462D343730422D393235312D4530423838354531423945342E6A706567',X'68747470733A2F2F61707069636B636D732E73332E61702D6E6F727468656173742D322E616D617A6F6E6177732E636F6D2F61646D696E2F636F6D70616E792F313533323931383237323236375F45433246394343302D323342462D343730422D393235312D4530423838354531423945342E6A706567',X'59',X'3C64697620636C6173733D2270726976616379223E3C62722F3E202020203C68323EEAB09CEC9DB8ECA095EBB3B4ECB7A8EAB889EBB0A9ECB9A83C2F68323E3C62722F3E202020203C6469763EE3889CEC9E87EB8BA428EC9DB4ED95982C20E28098ED9A8CEC82ACE28099EB9DBC20ED95A9EB8B88EB8BA42E29EB8A9420ECA095EBB3B4ED86B5EC8BA0EC849CEBB984EC8AA4ECA09CEAB3B5EC9E90EAB08020ECA480EC8898ED9598EC97ACEC95BC20ED95A020EAB480EBA0A820EBB295EBA0B9EC8381EC9D9820EAB09CEC9DB8ECA095EBB3B4EBB3B4ED98B820EAB79CECA095EC9D8420ECA480EC8898ED9598EBA9B02C20EAB480EBA0A820EBB295EBA0B9EC979020EB94B0EBA5B820EAB09CEC9DB8ECA095EBB3B4ECB7A8EAB889EBB0A9ECB9A8EC9D8420ECA095ED9598EC97AC20EC82ACEC9AA9EC9E9020EAB68CEC9DB520EBB3B4ED98B8EC979020ECB59CEC84A0EC9D8420EB8BA4ED9598EAB3A020EC9E88EC8AB5EB8B88EB8BA42E3C2F6469763E3C62722F3E202020203C6469763EED9A8CEC82ACEC9D9820EAB09CEC9DB8ECA095EBB3B4ECB7A8EAB889EBB0A9ECB9A8EC9D8020EB8BA4EC9D8CEAB3BC20EAB099EC8AB5EB8B88EB8BA42E3C2F6469763E3C62722F3E202020203C6469763E3C62722F3E20202020202020203C703E3C6120687265663D2223707269766163793031223E312E20EAB09CEC9DB8ECA095EBB3B4EC9D9820ED95ADEBAAA920EBB08F20EC8898ECA791EBB0A9EBB2953C2F613E3C2F703E3C62722F3E20202020202020203C703E3C6120687265663D2223707269766163793032223E322E20EC8898ECA791ED959C20EAB09CEC9DB8ECA095EBB3B4EC9D9820EC9DB4EC9AA9EBAAA9ECA0813C2F613E3C2F703E3C62722F3E20202020202020203C703E3C6120687265663D2223707269766163793033223E332E20EAB09CEC9DB8ECA095EBB3B4EC9D9820EAB3B5EC9CA020EBB08F20ECA09CEAB3B53C2F613E3C2F703E3C62722F3E20202020202020203C703E3C6120687265663D2223707269766163793034223E342E20EAB09CEC9DB8ECA095EBB3B4EC9D9820EBB3B4EC9CA020EBB08F20EC9DB4EC9AA9EAB8B0EAB0843C2F613E3C2F703E3C62722F3E20202020202020203C703E3C6120687265663D2223707269766163793035223E352E20EAB09CEC9DB8ECA095EBB3B420ED8C8CEAB8B0ECA088ECB0A820EBB08F20EBB0A9EBB2953C2F613E3C2F703E3C62722F3E20202020202020203C703E3C6120687265663D2223707269766163793036223E362E20EC82ACEC9AA9EC9E9020EBB08F20EBB295ECA095EB8C80EBA6ACEC9DB8EC9D9820EAB68CEBA6ACEC998020EAB7B820ED9689EC82ACEBB0A9EBB2953C2F613E3C2F703E3C62722F3E20202020202020203C703E3C6120687265663D2223707269766163793037223E372E20EAB09CEC9DB8ECA095EBB3B4EC9D9820EAB8B0EC88A0ECA0812C20EAB480EBA6ACECA08120EBB3B4ED98B820EB8C80ECB1853C2F613E3C2F703E3C62722F3E20202020202020203C703E3C6120687265663D2223707269766163793038223E382E20EAB09CEC9DB8ECA095EBB3B4EAB480EBA6ACECB185EC9E84EC9E90EC9D9820EC97B0EB9DBDECB2983C2F613E3C2F703E3C62722F3E20202020202020203C703E3C6120687265663D2223707269766163793039223E392E20EAB3A0ECA780EC9D9820EC9D98EBACB43C2F613E3C2F703E3C62722F3E202020203C2F6469763E3C62722F3E202020203C656D2069643D22707269766163793031223E312E20EAB09CEC9DB8ECA095EBB3B4EC9D9820ED95ADEBAAA920EBB08F20EC8898ECA791EBB0A9EBB2953C2F656D3E3C62722F3E202020203C6469763E3C62722F3E20202020202020203C756C3E3C62722F3E2020202020202020202020203C6C693EEAB0802E20EAB09CEC9DB8ECA095EBB3B4EC9D9820ED95ADEBAAA920ED9A8CEC82ACEB8A9420EC82ACEC9AA9EC9E90EAB080EC9E852C20EC82ACEC9AA9EC9E90EC8381EB8BB42C20EC849CEBB984EC8AA420ECA09CEAB3B520EB93B1EC9D8420EC9C84ED95B420ECB59CECB48820EC82ACEC9AA9EC9E9020EAB080EC9E8520EC8B9C20EC9584EB9E98EC998020EAB099EC9D8020EAB09CEC9DB8ECA095EBB3B4EBA5BC20EC8898ECA791ED9598EAB3A020EC9E88EC8AB5EB8B88EB8BA42E3C62722F3E202020202020202020202020202020203C6F6C3E3C62722F3E20202020202020202020202020202020202020203C6C693E28312920ED9584EC8898ED95ADEBAAA93A20EC82ACEC9AA9EC9E90EC9D9820EC84B1EBAA852C20ED9CB4EB8C80ED8FB0EBB288ED98B82C20ECA084EC9E90EC9AB0ED8EB8ECA3BCEC868C2C20EC9584EC9DB4EB94942C20EBB984EBB080EBB288ED98B820EB93B120EC82ACEC9AA9EC9E9020EB93B1EBA19DECA095EBB3B43C2F6C693E3C62722F3E20202020202020202020202020202020202020203C6C693E28322920EC84A0ED839DED95ADEBAAA93A20EC82ACEC9AA9EC9E90EC9D9820ED9A8CEC82ACEBAA852C20EC82ACEC9785EC9E9020EB93B1EBA19DEBB288ED98B82C20EC9785ECA2852C20EC9785ED839C20EB93B120E28098EC8BA4EC8B9CEAB08420EC82ACEC9785EAB480EBA6AC20ED9484EBA19CEAB7B8EB9EA8E28099EC82ACEC9AA9EC9D8420EC9C84ED959C20ECA095EBB3B43C2F6C693E3C62722F3E202020202020202020202020202020203C2F6F6C3E3C62722F3E2020202020202020202020203C2F6C693E3C62722F3E2020202020202020202020203C6C693EEB82982E20EAB09CEC9DB8ECA095EBB3B420EC8898ECA791EBB0A9EBB2953C62722F3E202020202020202020202020202020203C703EED9988ED8E98EC9DB4ECA78020EB9890EB8A9420EBAAA8EBB094EC9DBC20EC96B4ED948CEBA6ACECBC80EC9DB4EC85983C2F703E3C62722F3E2020202020202020202020203C2F6C693E3C62722F3E20202020202020203C2F756C3E3C62722F3E202020203C2F6469763E3C62722F3E202020203C656D2069643D22707269766163793032223E322E20EC8898ECA791ED959C20EAB09CEC9DB8ECA095EBB3B4EC9D9820EC9DB4EC9AA9EBAAA9ECA0813C2F656D3E3C62722F3E202020203C6469763E3C62722F3E20202020202020203C756C3E3C62722F3E2020202020202020202020203C6C693EEAB0802E20EC849CEBB984EC8AA420ECA09CEAB3B5EC979020EAB480ED959C20EAB384EC95BD20EC9DB4ED968920EBB08F20EC849CEBB984EC8AA420ECA09CEAB3B5EC979020EB94B0EBA5B820EC9A94EAB888ECA095EC82B02D20ECBBA8ED8590ECB8A020ECA09CEAB3B52C20EC849CEBB984EC8AA420EAB080EC9E852C20EBB380EAB2BD20EBB08F20ED95B4ECA78020EB93B1EC9D8420ED8FACED95A8ED959C20EC82ACEC9AA9EAB384EC95BDEAB480EBA0A820EC82ACED95ADEC9D9820ECB298EBA6AC2D20EAB888EC9CB5EAB1B0EB9E9820EBB3B8EC9DB820EC9DB8ECA69D20EBB08F20EAB888EC9CB5EC849CEBB984EC8AA420EB93B13C2F6C693E3C62722F3E2020202020202020202020203C6C693EEB82982E20EC82ACEC9AA9EC9E90EAB480EBA6AC2D20EC849CEBB984EC8AA420EC82ACEC9AA9EC979020EB94B0EBA5B820EBB3B8EC9DB8ED9995EC9DB82C20EAB09CEC9DB8EC8B9DEBB3842C20EBB680ECA09520EC9DB4EC9AA9EBB0A9ECA780EC998020EBB984EC9DB8EAB08020EC82ACEC9AA9EBB0A9ECA7802C20EAB080EC9E85EC9D98EC82AC20ED9995EC9DB82C20EBB684EC9F81ECA1B0ECA095EC9D8420EC9C84ED959C20EAB8B0EBA19D20EBB3B4ECA1B42C20EBB688EBA78CECB298EBA6AC20EB93B120EBAFBCEC9B90ECB298EBA6AC2C20EAB3A0ECA780EC82ACED95AD20ECA084EB8BAC3C2F6C693E3C62722F3E20202020202020203C2F756C3E3C62722F3E202020203C2F6469763E3C62722F3E202020203C656D2069643D22707269766163793033223E332E20EAB09CEC9DB8ECA095EBB3B4EC9D9820EAB3B5EC9CA020EBB08F20ECA09CEAB3B53C2F656D3E3C62722F3E202020203C6469763EED9A8CEC82ACEB8A9420EC82ACEC9AA9EC9E90EC9D9820EAB09CEC9DB8ECA095EBB3B4EBA5BC20E28098322E20EC8898ECA791ED959C20EAB09CEC9DB8ECA095EBB3B4EC9D9820EC9DB4EC9AA9EBAAA9ECA081E28099EC9790EC849C20EAB3A0ECA780ED959C20EBB294EC9C8420EB82B4EC9790EC849C20EC82ACEC9AA9ED9598EBA9B02C20EC82ACEC9AA9EC9E90EC9D9820EC82ACECA08420EB8F99EC9D9820EC9786EC9DB4EB8A9420EC9C8420EBB294EC9C84EBA5BC20ECB488EAB3BCED9598EC97AC20EC82ACEC9AA9ED9598EAB1B0EB829820EC82ACEC9AA9EC9E90EC9D9820EAB09CEC9DB8ECA095EBB3B4EBA5BC20EC99B8EBB680EC979020EAB3B5EAB09CED9598ECA78020EC958AEC8AB5EB8B88EB8BA42E3C2F6469763E3C62722F3E202020203C656D2069643D22707269766163793034223E342E20EAB09CEC9DB8ECA095EBB3B4EC9D9820EBB3B4EC9CA020EBB08F20EC9DB4EC9AA9EAB8B0EAB0843C2F656D3E3C62722F3E202020203C6469763EEC82ACEC9AA9EC9E90EC9D9820EAB09CEC9DB8ECA095EBB3B4EB8A9420EC8898ECA791ED959C20EAB09CEC9DB8ECA095EBB3B4EC9D9820EC9DB4EC9AA9EBAAA9ECA081EC9DB420EB8BACEC84B1EB9098EBA9B420ECA689EC8B9C20ED8C8CEAB8B0ED95A9EB8B88EB8BA42E20EB8BA4EBA78C2C20EB8BA4EC9D8CEC9D9820EAB2BDEC9AB0EC9790EB8A9420EC9DBCECA095ED959C20EAB8B0EAB08420EB8F99EC958820EAB09CEC9DB8ECA095EBB3B4EBA5BC20EBB3B4EC9CA0ED95A9EB8B88EB8BA42E3C62722F3E20202020202020203C756C3E3C62722F3E2020202020202020202020203C6C693EEAB0802E20ED9A8CEC82AC20EB82B4EBB68020EBB0A9ECB9A8EC979020EB94B0EBA5B820ECA095EBB3B4EBB3B4EC9CA0EAB384EC95BDEC8381EC9D9820EAB68CEBA6AC2C20EC9D98EBACB4EC9D9820EC9DB4ED9689EC9D8420EB8BB4EBB3B4ED9598EAB8B020EC9C84ED95B420ED9584EC9A94ED959C20EAB2BDEC9AB0EC9790EB8A9420EAB7B820EAB8B0EAB08420EB8F99EC958820EAB09CEC9DB8ECA095EBB3B4EBA5BC20EBB3B4EC9CA0ED95A9EB8B88EB8BA42E3C2F6C693E3C62722F3E2020202020202020202020203C6C693EEB82982E20EAB480EBA0A8EBB295EBA0B9EC979020EB94B0EBA5B820ECA095EBB3B4EBB3B4EC9CA020EAB480EBA0A8EBB295EBA0B9EC979020EB94B0EB9DBC20EBB3B4EC9CA0ED95A020ED9584EC9A94EAB08020EC9E88EB8A9420EAB2BDEC9AB020ED9A8CEC82ACEB8A9420EAB480EBA0A8EBB295EBA0B9EC9790EC849C20ECA095ED959C20EAB8B0EAB08420EB8F99EC958820EAB09CEC9DB8ECA095EBB3B4EBA5BC20EBB3B4EC9CA0ED95A9EB8B88EB8BA42E3C62722F3E202020202020202020202020202020203C703E2D20EAB384EC95BD20EB9890EB8A9420ECB2ADEC95BDECB2A0ED9A8C20EB93B1EC979020EAB480ED959C20EAB09CEC9DB8ECA095EBB3B4EB8A942035EB85843C2F703E3C62722F3E202020202020202020202020202020203C703E2D20EB8C80EAB888EAB2B0ECA09C20EBB08F20EC9EACED999420EB93B1EC9D9820EAB3B5EAB889EC979020EAB480ED959C20EAB09CEC9DB8ECA095EBB3B4EB8A942035EB85843C2F703E3C62722F3E202020202020202020202020202020203C703E2D20EC868CEBB984EC9E90EC9D9820EBB688EBA78C20EB9890EB8A9420EBB684EC9F81ECB298EBA6ACEC979020EAB480ED959C20EAB09CEC9DB8ECA095EBB3B4EB8A942033EB85843C2F703E3C62722F3E202020202020202020202020202020203C703E2D20EBB3B8EC9DB8ED9995EC9DB8EC979020EAB480ED959C20EAB09CEC9DB8ECA095EBB3B4EB8A942036EAB09CEC9B9420EB93B13C2F703E3C62722F3E2020202020202020202020203C2F6C693E3C62722F3E20202020202020203C2F756C3E3C62722F3E202020203C2F6469763E3C62722F3E202020203C656D2069643D22707269766163793035223E352E20EAB09CEC9DB8ECA095EBB3B420ED8C8CEAB8B0ECA088ECB0A820EBB08F20EBB0A9EBB2953C2F656D3E3C62722F3E202020203C6469763E3C62722F3E20202020202020203C756C3E3C62722F3E2020202020202020202020203C6C693EEAB0802E20ED8C8CEAB8B0ECA088ECB0A8EC82ACEC9AA9EC9E90EC9D9820EAB09CEC9DB8ECA095EBB3B4EB8A9420EC8898ECA791ED959C20EAB09CEC9DB8ECA095EBB3B4EC9D9820EC9DB4EC9AA9EBAAA9ECA081EC9DB420EB8BACEC84B1EB9098EBA9B420ECA689EC8B9C20ED8C8CEAB8B0ED95A9EB8B88EB8BA42E20EB8BA4EBA78C2C20ED9A8CEC82AC20EB82B4EBB68020EBB0A9ECB9A820EBB08F20EAB480EBA0A8EBB295EBA0B9EC979020EB94B0EB9DBC20EAB09CEC9DB8ECA095EBB3B4EBA5BC20EBB3B4EC9CA0ED9598EB8A9420EAB2BDEC9AB0EC9790EB8A9420EC9DBCECA09520EAB8B0EAB084EB8F99EC958820EBB3B4EC9CA0EB909C20ED9B8420ED8C8CEAB8B0EB90A9EB8B88EB8BA42E3C2F6C693E3C62722F3E2020202020202020202020203C6C693EEB82982E20ED8C8CEAB8B0EBB0A9EBB2952D20ECA285EC9DB4EC979020ECB69CEBA0A5EB909C20EAB09CEC9DB8ECA095EBB3B4EB8A9420EBB684EC8784EAB8B0EBA19C20EBB684EC8784ED9598EAB1B0EB829820EC868CEAB081EC9D8420ED86B5ED9598EC97AC20ED8C8CEAB8B0ED95A9EB8B88EB8BA42E3C62722F3E202020202020202020202020202020203C703E2D20ECA084EC9E90ECA08120ED8C8CEC9DBC20ED9895ED839CEBA19C20ECA080EC9EA5EB909C20EAB09CEC9DB8ECA095EBB3B4EB8A9420EAB8B0EBA19DEC9D8420EC9EACEC839DED95A020EC889820EC9786EB8A9420EAB8B0EC88A0ECA08120EBB0A9EBB295EC9D8420EC82ACEC9AA9ED9598EC97AC20EC82ADECA09CED95A9EB8B88EB8BA42E3C2F703E3C62722F3E2020202020202020202020203C2F6C693E3C62722F3E20202020202020203C2F756C3E3C62722F3E202020203C2F6469763E3C62722F3E202020203C656D2069643D22707269766163793036223E362E20EC82ACEC9AA9EC9E9020EBB08F20EBB295ECA095EB8C80EBA6ACEC9DB8EC9D9820EAB68CEBA6ACEC998020EAB7B820ED9689EC82ACEBB0A9EBB2953C2F656D3E3C62722F3E202020203C6469763E3C62722F3E20202020202020203C703E2D20EC82ACEC9AA9EC9E9020EBB08F20EBB295ECA095EB8C80EBA6ACEC9DB8EC9D8020EC96B8ECA09CEB93A0ECA78020ED9A8CEC82ACEC979020EC9E88EB8A9420EAB09CEC9DB8ECA095EBB3B4EC979020EB8C80ED95B420EC97B4EB9E8CEC9D8420EC9A94EAB5ACED95A020EC889820EC9E88EC9CBCEBA9B02C20EAB7B820ECA095EBB3B4EC979020EC98A4EBA598EAB08020EC9E88EB8A9420EAB2BDEC9AB0EC9790EB8A9420ECA095ECA09520EBB08F20EC82ADECA09CEBA5BC20EC9A94EAB5ACED95A020EC889820EC9E88EC8AB5EB8B88EB8BA42E3C2F703E3C62722F3E20202020202020203C703E2D20EC82ACEC9AA9EC9E9020EBB08F20EBB295ECA095EB8C80EBA6ACEC9DB8EC9DB420EAB09CEC9DB8ECA095EBB3B4EC9D9820EC98A4EBA598EC979020EB8C80ED959C20ECA095ECA095EC9D8420EC9A94ECB2ADED959C20EAB2BDEC9AB0EC9790EB8A9420ECA095ECA095EC9DB420EB90A020EB958CEAB98CECA78020EB8BB9ED95B420EAB09CEC9DB8ECA095EBB3B4EBA5BC20EC9DB4EC9AA9ED9598EAB1B0EB829820ECA09C33EC9E90EC9790EAB28C20ECA09CEAB3B5ED95A020EC889820EC9786EC8AB5EB8B88EB8BA42E3C2F703E3C62722F3E20202020202020203C703E2D20EC98A4EBA598EAB08020EC9E88EB8A9420EAB09CEC9DB8ECA095EBB3B4EBA5BC20ECA09C33EC9E90EC9790EAB28C20EC9DB4EBAFB820ECA09CEAB3B5ED959C20EAB2BDEC9AB0EC9790EB8A9420ECA095ECA09520ECB298EBA6ACEAB2B0EAB3BCEBA5BC20ECA689EC8B9C20ECA09C33EC9E90EC9790EAB28C20ED86B5ECA780ED9598EC97AC20ECA095ECA095EC9DB420EC9DB4EBA3A8EC96B4ECA780EB8F84EBA19D20ED95A9EB8B88EB8BA42E3C2F703E3C62722F3E20202020202020203C703E2D20EC82ACEC9AA9EC9E9020EBB08F20EBB295ECA095EB8C80EBA6ACEC9DB8EC9DB420EC98A4EBA598EAB08020EC9E88EB8A9420EAB09CEC9DB8ECA095EBB3B4EC9D9820EC82ADECA09CEBA5BC20EC9A94EAB5ACED959C20EAB2BDEC9AB02C20EC82ADECA09CEB909C20EB8BB9ED95B420EAB09CEC9DB8ECA095EBB3B4EBA5BC20EC9DB4EC9AA9ED9598EAB1B0EB829820ECA09C33EC9E90EC9790EAB28C20ECA09CEAB3B5ED95A020EC889820EC9786EC8AB5EB8B88EB8BA42E3C2F703E3C62722F3E20202020202020203C703E2D20EC98A4EBA598EBA5BC20EC9DB4EC9CA0EBA19C20EC82ADECA09CEBA5BC20EC9A94EAB5ACED959C20EAB09CEC9DB8ECA095EBB3B4EBA5BC20ECA09C33EC9E90EC9790EAB28C20EC9DB4EBAFB820ECA09CEAB3B5ED959C20EAB2BDEC9AB0EC9790EB8A9420ECA689EC8B9C20ECA09C33EC9E90EC9790EAB28C20ED86B5ECA780ED9598EC97AC20EC82ADECA09CEAB08020EC9DB4EBA3A8EC96B4ECA780EB8F84EBA19D20ED95A9EB8B88EB8BA42E3C2F703E3C62722F3E20202020202020203C703E2D20EBA78C3134EC84B820EBAFB8EBA78CEC9D9820EBAFB8EC84B1EB8584EC9E90EC979020EAB480ED959C20EAB09CEC9DB8ECA095EBB3B4EB8A9420EBB295ECA095EB8C80EBA6ACEC9DB8EC9D9820EB8F99EC9D9820EC9786EC9DB4EB8A9420EC8898ECA7912C20EC9DB4EC9AA9ED95A020EC889820EC9786EC8AB5EB8B88EB8BA42E3C2F703E3C62722F3E202020203C2F6469763E3C62722F3E202020203C656D2069643D22707269766163793037223E372E20EAB09CEC9DB8ECA095EBB3B4EC9D9820EAB8B0EC88A0ECA0812C20EAB480EBA6ACECA08120EBB3B4ED98B820EB8C80ECB1853C2F656D3E3C62722F3E202020203C6469763EED9A8CEC82ACEB8A9420EC82ACEC9AA9EC9E90EB93A4EC9D9820EAB09CEC9DB8ECA095EBB3B4EBA5BC20ECB298EBA6ACED95A8EC979020EC9E88EC96B420EAB09CEC9DB8ECA095EBB3B4EAB08020EBB684EC8BA42C20EB8F84EB829C2C20EC9CA0ECB69C2C20EC9C84ECA1B02C20EBB380ECA1B020EB9890EB8A9420ED9BBCEC8690EB9098ECA78020EC958AEB8F84EBA19D20EC9588ECA084EC84B120ED9995EBB3B4EBA5BC20EC9C84ED9598EC97AC20EB8BA4EC9D8CEAB3BC20EAB099EC9D8020EAB8B0EC88A0ECA0812C20EAB480EBA6ACECA08120EBB3B4ED98B8EB8C80ECB185EC9D8420ECB7A8ED9598EAB3A020EC9E88EC8AB5EB8B88EB8BA42E3C62722F3E20202020202020203C756C3E3C62722F3E2020202020202020202020203C6C693EEAB0802E20EBB984EBB080EBB288ED98B8EC9D9820EC9594ED98B8ED9994ED9A8CEC82ACEB8A9420EC82ACEC9AA9EC9E90EC9D9820EC9584EC9DB4EB9494EC998020EBB984EBB080EBB288ED98B8EBA5BC20EC9594ED98B8ED9994ED9598EC97AC20ECA080EC9EA52C20EAB480EBA6ACED9598EAB3A020EC9E88EC8AB5EB8B88EB8BA42E3C2F6C693E3C62722F3E2020202020202020202020203C6C693EEB82982E20ED95B4ED82B920EB93B1EC979020EB8C80EBB984ED959C20EB8C80ECB1852D20ED9A8CEC82ACEB8A9420ED95B4ED82B9EC9DB4EB829820ECBBB4ED93A8ED84B020EBB094EC9DB4EB9FACEC8AA420EB93B1EC979020EC9D98ED95B420EC82ACEC9AA9EC9E90EC9D9820EAB09CEC9DB8ECA095EBB3B4EAB08020EC9CA0ECB69CEB9098EAB1B0EB829820ED9BBCEC8690EB9098EB8A9420EAB283EC9D8420EBA789EAB8B020EC9C84ED95B420ECB59CEC84A0EC9D8420EB8BA4ED9598EAB3A020EC9E88EC8AB5EB8B88EB8BA42E3C62722F3E202020202020202020202020202020203C703E2D20EAB09CEC9DB8ECA095EBB3B4EC9D9820ED9BBCEC8690EC979020EB8C80EBB984ED95B4EC849C20EC8898EC8B9CEBA19C20EBB0B1EC9785ED9598EAB3A020EC9E88EC8AB5EB8B88EB8BA42E3C2F703E3C62722F3E202020202020202020202020202020203C703E2D20ECB59CEC8BA020EBB0B1EC8BA0ED9484EBA19CEAB7B8EB9EA8EC9D8420EC9DB4EC9AA9ED9598EC97AC20EC82ACEC9AA9EC9E90EB93A4EC9D9820EAB09CEC9DB8ECA095EBB3B4EAB08020EC9CA0ECB69C2C20EC9C84ECA1B0EB9098EAB1B0EB829820EC8690EC8381EB9098ECA78020EC958AEB8F84EBA19D20EBB0A9ECA780ED9598EAB3A020EC9E88EC8AB5EB8B88EB8BA42E3C2F703E3C62722F3E202020202020202020202020202020203C703E2D2053534C20EBB3B4EC9588EC849CEBB28420EAB5ACECB695EC9D8420ED86B5ED95B420EC9594ED98B8ED9994ED86B5EC8BA020EB93B1EC9CBCEBA19C20EC9DB8ED84B0EB84B7EC8381EC9790EC849C20EAB09CEC9DB8ECA095EBB3B4EBA5BC20EC9588ECA084ED9598EAB28C20ECA084EC86A1ED95A020EC889820EC9E88EB8F84EBA19D20ED9598EAB3A020EC9E88EC8AB5EB8B88EB8BA42E203C2F703E3C62722F3E202020202020202020202020202020203C703E2D20ECB9A8EC9E85ECB0A8EB8BA8EC8B9CEC8AA4ED859CEC9D8420EC9DB4EC9AA9ED9598EC97AC20EC99B8EBB680EBA19CEBB680ED84B0EC9D9820EBACB4EB8BA820ECA091EAB7BCEC9D8420ED86B5ECA09CED9598EAB3A020EC9E88EC9CBCEBA9B02C20EAB8B0ED838020EC8B9CEC8AA4ED859CECA081EC9CBCEBA19C20EBB3B4EC9588EC84B1EC9D8420ED9995EBB3B4ED9598EAB8B020EC9C84ED95B420EAB080EB8AA5ED959C20EBAAA8EB93A020EAB8B0EC88A0ECA08120EC9EA5ECB998EBA5BC20EAB096ECB694EBA0A420EB85B8EBA0A5ED9598EAB3A020EC9E88EC8AB5EB8B88EB8BA42E3C2F703E3C62722F3E2020202020202020202020203C2F6C693E3C62722F3E2020202020202020202020203C6C693EEB8BA42E20EAB09CEC9DB8ECA095EBB3B4EAB480EBA6ACECB185EC9E84EC9E90EC9D9820ECA780ECA095EAB3BC20EC9AB4EC9881ED9A8CEC82ACEB8A9420EC82ACEC9AA9EC9E90EC9D9820EAB09CEC9DB8ECA095EBB3B420EBB3B4ED98B8EBA5BC20EC9C84ED95B420EAB09CEC9DB8ECA095EBB3B4EAB480EBA6ACECB185EC9E84EC9E90EBA5BC20ECA780ECA095ED9598EC97AC20EC9AB4EC9881ED9598EAB3A020EC9E88EC8AB5EB8B88EB8BA42E203C2F6C693E3C62722F3E20202020202020203C2F756C3E3C62722F3E202020203C2F6469763E3C62722F3E202020203C656D2069643D22707269766163793038223EEFBC982E20EAB09CEC9DB8ECA095EBB3B4EAB480EBA6ACECB185EC9E84EC9E90EC9D9820EC97B0EB9DBDECB2983C2F656D3E3C62722F3E202020203C6469763E3C62722F3E20202020202020203C703EEAB09CEC9DB8ECA095EBB3B4EAB480EBA6ACECB185EC9E84EC9E903C2F703E3C62722F3E20202020202020203C703EEC9DB420EBA684203A203030303C2F703E3C62722F3E20202020202020203C703EECA78120EC9C84203A203030303C2F703E3C62722F3E20202020202020203C703EECA08420ED9994203A20303030302D303030303C2F703E3C62722F3E20202020202020203C703EEBA99420EC9DBC203A203C2F703E3C62722F3E202020203C2F6469763E3C62722F3E202020203C656D2069643D22707269766163793039223E392E20EAB3A0ECA780EC9D9820EC9D98EBACB43C2F656D3E3C62722F3E202020203C6469763E3C62722F3E20202020202020203C703E2D20EAB09CEC9DB8ECA095EBB3B4ECB7A8EAB889EBB0A9ECB9A8EC9D9820EAB09CECA095EC9DB420EC9E88EB8A9420EAB2BDEC9AB02C20EAB09CECA09520ED9B8420ECA689EC8B9C20ED9988ED8E98EC9DB4ECA780EC9D9820E28098EAB3B5ECA780EC82ACED95ADE28099EC9D8420ED86B5ED95B420EAB3A0ECA780ED95A9EB8B88EB8BA42E3C2F703E3C62722F3E20202020202020203C703E2D20EC8B9CED9689EC9DBCEC9E903A2032303139EB8584203131EC9B94203030EC9DBC3C2F703E3C62722F3E202020203C2F6469763E3C62722F3E3C2F6469763E',X'3C64697620636C6173733D2270726976616379223E3C62722F3E202020203C68323EECA3BCEC8B9DED9A8CEC82AC20EC9E87EB8BA420EBA9A4EBB284EC8BAD20EC849CEBB984EC8AA420ED8AB9EBB384EC82ACEC9AA9EC95BDEAB4803C2F68323E3C62722F3E202020203C656D3EE3809031E3809120EBA9A4EBB284EC8BAD20EC849CEBB984EC8AA4EC979020EB8C80ED959C20EC9588EB82B43C2F656D3E3C62722F3E202020203C6469763E3C62722F3E20202020202020203C756C3E3C62722F3E2020202020202020202020203C6C693E312E20EBB3B820EBA9A4EBB284EC8BAD20EC849CEBB984EC8AA4EB8A9420E38090ECA3BCEC8B9DED9A8CEC82AC20EC9E87EB8BA4E38091EC9D9820ED9988ED8E98EC9DB4ECA780EC9790EC849C20EAB3A0EAB09DEC9790EAB28C20EAB2ACECA081EC849CEBA5BC20EBB09CEC86A1ED9598EB8A9420EAB283EBBF90EBA78C20EC9584EB8B88EB9DBC2C20ED9A8CEC82ACEC9D9820EBA788ECBC80ED8C8520EBB984EC9AA9EC9CBCEBA19C20ED95B4EB8BB920EBA9A4EBB284EC8BAD20ED9A8CEC9B90EC9D8420ED998DEBB3B4ED9598EAB3A02C20ECA084EB8BB4ECBBA8EC84A4ED84B4ED8AB8EBA5BC20ECA780ECA095ED9598EC97AC20ED9A8CEC9B90EC9D9820EBA788ECBC80ED8C85EC9D8420EAB480EBA6ACED9598EB8A942020ECA285ED95A920EC849CEBB984EC8AA4EBA5BC20ED8FACED95A8ED95A9EB8B88EB8BA42E3C2F6C693E3C62722F3E2020202020202020202020203C6C693E322E20EBA9A4EBB284EC8BAD20ED9A8CEC9B90EC9D8020E38090ECA3BCEC8B9DED9A8CEC82AC20EC9E87EB8BA4E38091EC9D9820ED9988ED8E98EC9DB4ECA780EBA5BC20EAB491EAB3A0EBA7A4ECB2B4EBA19C20ED9598EC97AC20EBA9A4EBB284EC8BAD20EAB080EC9E8520EAB8B0EAB08420EB8F99EC958820EAB491EAB3A0EC979020EB85B8ECB69CEB90A9EB8B88EB8BA42E20EBA9A4EBB284EC8BAD20ED9A8CEC9B90EC9D8020E28098EBA9A4EBB284EC8BAD20EAB480EBA6AC20ED8E98EC9DB4ECA780E2809920EBA5BC20ED86B5ED95B420EBA9A4EBB284EC8BAD20ED9A8CEC9B90EC979020EB8C80ED959C20EAB491EAB3A020EC8B9CEC8AA4ED859CEC9DB820E28098ED9484EBA19CED958420ED998DEBB3B4E2809920EAB8B0EB8AA5EC9D8420EC84A0ED839DED95A020EC889820EC9E88EC8AB5EB8B88EB8BA42E20EC9E87EB8BA4EAB08020ECA780ECA095ED959C20EAB491EAB3A0EBA7A4ECB2B4EC9D9820EBA6ACEC8AA4ED8AB820EBB08F20ED9484EBA19CED958420ED998DEBB3B4EBA5BC20EC9C84ED959C20ECB59CEC868C20EAB8B0ECA480EC9D8020EBB380EAB2BDEB90A020EC889820EC9E88EC9CBCEBA9B020EC9DB4EC979020EB8C80ED9598EC97ACEB8A9420EC9E87EB8BA420EB82B420E28098ED9484EBA19CED958420ED998DEBB3B420EC84A4ECA095E2809920ED8E98EC9DB4ECA780EC9790EC849C20EBB384EB8F8420EC9588EB82B4ED95A9EB8B88EB8BA42E3C2F6C693E3C62722F3E2020202020202020202020203C6C693E332E20EBA9A4EBB284EC8BAD20ED9A8CEC9B90EC9D8020ECA084EB8BB420ECBBA8EC84A4ED84B4ED8AB8EC979020EC9D98ED959C20313A3120EAB480EBA6AC20EB93B120EBA9A4EBB284EC8BAD20EC9DB4EC9AA920EAB480EBA6AC20EC849CEBB984EC8AA4EBA5BC20EBB09BEC9D8420EC889820EC9E88EC8AB5EB8B88EB8BA42E20ED9A8CEC82ACEB8A9420EBA9A4EBB284EC8BAD20ED9A8CEC9B90EC9790EAB28C20EC9DBCEBB68020EAB2ACECA081EC9A94ECB2ADEC849CEC979020EB8C80ED95B420EBACB4EBA38CEBA19C20ECA781ECA09120EB9890EB8A9420EC9E90EB8F99EC9CBCEBA19C20EAB2ACECA081EC849CEBA5BC20EBB3B4EB82BC20EC889820EC9E88EB8A9420EAB8B0ED9A8CEBA5BC20ECA09CEAB3B5ED95A9EB8B88EB8BA42E3C2F6C693E3C62722F3E20202020202020203C2F756C3E3C62722F3E202020203C2F6469763E3C62722F3E202020203C656D3EE3809032E3809120EBA9A4EBB284EC8BAD20EC849CEBB984EC8AA4EC9D9820EAB1B0EB9E98ECA1B0EAB1B4EC979020EB8C80ED959C20EC9588EB82B43C2F656D3E3C62722F3E202020203C6469763E3C62722F3E20202020202020203C756C3E3C62722F3E2020202020202020202020203C6C693E312E205BEAB080EAB2A920EBB08F20EAB8B0EAB0845D20EBA9A4EBB284EC8BAD20EC849CEBB984EC8AA4EC9D9820EC9DB4EC9AA9EAB384EC95BDEAB8B0EAB084EC9D802031EB8584EC9DB4EAB3A02C20EBA9A4EBB284EC8BAD20ED9A8CEC9B90EBB984EB8A9420EB858420EAB08420EC9DBCEBB0B1EBA78CEC9B90EC9CBCEBA19C20ED95A9EB8B88EB8BA42E20ECB694EAB080ECA081EC9CBCEBA19C20EBB984EAB590EAB2ACECA08120EC8694EBA3A8EC8598EC9DB420EC9984EBA38CEB909C20ED9B842C20EB8584EAB08420EAB8B0EC9EA5EBA38C20ED95A9EAB384EAB888EC9D9820323025EC979020ED95B4EB8BB9ED9598EB8A9420EAB888EC95A1EC9D8420ED948CEB9EABED8FBC20EC82ACEC9AA920EC8898EC8898EBA38CEBA19C20EBB680EAB3BCED95A9EB8B88EB8BA42E3C2F6C693E3C62722F3E2020202020202020202020203C6C693E322E205BEC849CEBB984EC8AA420ECA09CEAB3B520EAB8B0EAB0845D20EBA9A4EBB284EC8BAD20EC849CEBB984EC8AA420EAB2B0ECA09C20ED9B8420ECA689EC8B9C20EC849CEBB984EC8AA420ECA09CEAB3B5EC9DB420EAB09CEC8B9CEB9098EBA9B020EC9DB4EBA19CEBB680ED84B020ECA095EAB8B020EAB080EC9E8520EAB8B0EAB08420EB8F99EC958820EC849CEBB984EC8AA4EAB08020ECA09CEAB3B5EB9098EB8A9420EAB283EC9D8420EC9B90ECB999EC9CBCEBA19C20ED95A9EB8B88EB8BA42E3C2F6C693E3C62722F3E2020202020202020202020203C6C693E332E205BEC9DB4EC9AA9EAB384EC95BDEC9D9820EAB0B1EC8BA020ED86B5ECA7805D20ED9A8CEC82ACEB8A9420EBA9A4EBB284EC8BAD20EC849CEBB984EC8AA420EAB384EC95BDEAB8B0EAB084EC9DB420EB819DEB8298EAB8B02031ECA3BCEC9DBC20ECA084EC979020ED9A8CEC9B90EC9790EAB28C20EC9DB4EC9AA9EAB384EC95BDEC9D9820EAB0B1EC8BA020EC82ACEC8BA4EC9D8420ED9A8CEC9B90EC9D9820EC9DB4EBA994EC9DBC20EB9890EB8A9420534E532C20EAB8B0ED838020ECA084EC9E90EC849CEBA9B420EB93B1EC9CBCEBA19C20ED86B5ECA780ED95A9EB8B88EB8BA42E20EB8BA4EBA78C2C20EC9DB4EC9AA9EAB384EC95BDEAB8B0EAB084EC9D9820EB8BA8EC9C84EAB0802031EB858420EC9DB4EC8381EC9DB820EAB2BDEC9AB020ED86B5ECA780EAB8B0EAB084EC9D8020EAB384EC95BDEAB8B0EAB084EC9DB420EB819DEB8298EAB8B0203330EC9DBC20ECA084EAB98CECA780EBA19C20ED95A9EB8B88EB8BA42E3C2F6C693E3C62722F3E2020202020202020202020203C6C693E342E205BEC9DB4EC9AA9EAB384EC95BDEC9D9820EAB0B1EC8BA020EBB0A9EBB2955D20ED9A8CEC9B90EC9DB420283329EC9D9820ED86B5ECA780EBA5BC20EBB09BEC9D8020EB82A0EBA19CEBB680ED84B02031ECA3BCEC9DBC20EC9DB4EB82B42831EB858420EC9DB4EC838120EAB384EC95BDEC9D9820EAB2BDEC9AB020ED86B5ECA780EBA5BC20EBB09BEC9D8020EB82A0EBA19CEBB680ED84B0203330EC9DBC20EC9DB4EB82B429EC979020EBB384EB8F84EC9D9820EC9D98EC82ACED919CEC8B9CEBA5BC20ED9598ECA78020EC958AEC9CBCEBA9B420EBB3B820EBA9A4EBB284EC8BAD20EAB384EC95BDEC9D8020EB8F99EC9DBCED959C20EAB8B0EAB08420EB8F99EC958820EC97B0EC9EA5EB90A9EB8B88EB8BA42E3C2F6C693E3C62722F3E20202020202020203C2F756C3E3C62722F3E202020203C2F6469763E3C62722F3E202020203C656D3EE3809033E3809120EBA9A4EBB284EC8BAD20EC849CEBB984EC8AA4EC9D9820EAB2B0ECA09CEBB0A9EBB2953C2F656D3E3C62722F3E202020203C6469763E3C62722F3E20202020202020203C756C3E3C62722F3E2020202020202020202020203C6C693E312E20EBA9A4EBB284EC8BAD20ED9A8CEC9B90EC9D8020ECA095EAB8B020EC9E90EB8F99EAB2B0ECA09C20EBB0A9EBB295EC9CBCEBA19C20EBA9A4EBB284EC8BAD20EC849CEBB984EC8AA4EC9D9820EC9DB4EC9AA9EB8C80EAB080EBA5BC20ECA780EBB688ED9598EBA9B020ED9A8CEC82ACEB8A9420EC9DB4EC979020EB8C80ED9598EC97AC20ECB59CECB48820EAB2B0ECA09CEC8B9C20ED9A8CEC9B90EC9D9820EC82ACECA08420EB8F99EC9D98EBA5BC20EBB09BEC8AB5EB8B88EB8BA42E3C2F6C693E3C62722F3E2020202020202020202020203C6C693E322E2031EB858420ECA095EAB8B0EAB2B0ECA09CEC9D9820EAB2BDEC9AB0EC9790EB8A9420ECB59CECB48820EAB2B0ECA09CEC9B94E28899EC9DBC20EC9DB4ED9B8420EBA7A4EB858420EB8F99EC9DBC20EAB2B0ECA09CEC9B94E28899EC9DBCEC979020EAB2B0ECA09CEAB08020EC9E90EB8F99EC9CBCEBA19C20ECA784ED9689EB90A9EB8B88EB8BA42E3C2F6C693E3C62722F3E2020202020202020202020203C6C693E332E20EBA9A4EBB284EC8BAD20ED9A8CEC9B90EC9DB420EC9C8420ED95ADEC979020EAB79CECA095EB909C20EBB094EC998020EAB099EC9DB420EBB384EB8F84EC9D9820EC9D98EC82ACED919CEC8B9CEBA5BC20ED9598ECA78020EC9584EB8B88ED9598EBA9B420ECA095EAB8B020EC9E90EB8F99EAB2B0ECA09CEAB08020EC9CA0ECA780EB9098EBA9B02C20ED9A8CEC9B9020EBB384EB8F84EC9D9820EC9D98EC82ACED919CEC8B9CEBA5BC20ED86B5ED95B420EAB384EC95BDEC9DB420EAB0B1EC8BA0EB9098ECA78020EC9584EB8B88ED9598EBA9B420EB8BA4EC9D8C20ECA095EAB8B020EAB2B0ECA09CEB8F8420EC9DB4EBA3A8EC96B4ECA780ECA78020EC958AEC8AB5EB8B88EB8BA42E3C2F6C693E3C62722F3E2020202020202020202020203C6C693E342E20ECA095EAB8B020EC9E90EB8F99EAB2B0ECA09CEB8A9420EBA9A4EBB284EC8BAD20ED9A8CEC9B90EC9DB420EB93B1EBA19DED959C20EC8BA0EC9AA9ECB9B4EB939C2C20ECB2B4ED81ACECB9B4EB939C2C20ED9CB4EB8C80ED8FB020EAB2B0ECA09C20EAB8B0EB8AA5EC99B820EAB384ECA28CEC9DB4ECB2B420EB93B1EC9D9820EBB0A9EBB295EC9CBCEBA19C20EAB080EB8AA5ED95A9EB8B88EB8BA42E3C2F6C693E3C62722F3E2020202020202020202020203C6C693E352E20EB8BA4EC9D8C20EC9E90EB8F99EAB2B0ECA09C20EC9DBCEC8B9CEC979020EB8C80ED959C20EC82ACED95ADEC9D8020E28098EC84A4ECA095203EEAB2B0ECA09CEC8381EC84B8ECA095EBB3B4E2809920ED8E98EC9DB4ECA780EC9790EC849C20EC8381EC8B9C20ED9995EC9DB8ED95A020EC889820EC9E88EC8AB5EB8B88EB8BA42E3C2F6C693E3C62722F3E20202020202020203C2F756C3E3C62722F3E202020203C2F6469763E3C62722F3E202020203C656D3EE3809034E3809120EBA9A4EBB284EC8BAD20EC849CEBB984EC8AA420EC9DB4EC9AA9EBB0A9EBB295EC979020EB8C80ED959C20EC9588EB82B43C2F656D3E3C62722F3E202020203C6469763E3C62722F3E20202020202020203C756C3E3C62722F3E2020202020202020202020203C6C693E312E205BEC849CEBB984EC8AA420EC9DB4EC9AA9EBB0A9EBB2955D20EBB3B820EC9588EB82B420EC82ACED95ADEC979020EC9E91EC84B1EB909C20EC82ACED95AD20EC99B8EC9790EB8A9420E38090ECA3BCEC8B9DED9A8CEC82AC20EC9E87EB8BA4E38091EC9D9820EC9DB4EC9AA9EC95BDEAB480EC979020EB94B0EBA685EB8B88EB8BA42E3C2F6C693E3C62722F3E2020202020202020202020203C6C693E322E205BEC9DB4EC9AA9EC979020EB8C80ED959C20EBACB8EC9D985D20EBB3B820EBA9A4EBB284EC8BAD20EC849CEBB984EC8AA4EC979020EB8C80ED959C20EC9DB4EC9AA9EBACB8EC9D98EB8A9420E38090ECA3BCEC8B9DED9A8CEC82AC20EC9E87EB8BA4E38091EAB3A0EAB09DEC84BCED84B020313530302D30303030EBA19C20ED95A020EC889820EC9E88EC8AB5EB8B88EB8BA42E3C2F6C693E3C62722F3E20202020202020203C2F756C3E3C62722F3E202020203C2F6469763E3C62722F3E202020203C656D3EE3809035E3809120EBA9A4EBB284EC8BAD20EC849CEBB984EC8AA4EC9D9820ECB2ADEC95BDECB2A0ED9A8C2FED95B4ECA78020EBB08F20ED9998EBB688EC979020EB8C80ED959C20EC9588EB82B43C2F656D3E3C62722F3E202020203C6469763EEBA9A4EBB284EC8BAD20ED9A8CEC9B90EC9DB420EC849CEBB984EC8AA4EBA5BC20EC82ACEC9AA9ED9598ECA78020EC958AEC9D8020EAB2BDEC9AB0EC9790EB8A9420EAB2B0ECA09CEC9DBCEBA19CEBB680ED84B02037EC9DBC20EC9DB4EB82B4EC979020EAB384EC95BDECB2A0ED9A8CEBA5BC20ED95A020EC889820EC9E88EC8AB5EB8B88EB8BA42E3C2F6469763E3C62722F3E202020203C656D3EE38090EBB68020ECB999E380913C2F656D3E3C62722F3E202020203C6469763EEC9DB420EC95BDEAB480EC9D802032303139EB8584203131EC9B94203135EC9DBCEBB680ED84B020EC8B9CED9689ED95A9EB8B88EB8BA42E3C2F6469763E3C62722F3E3C2F6469763E73','2020-12-08','2016-11-08 11:11:11','2020-01-20 05:21:16');

/*!40000 ALTER TABLE `tb_company` ENABLE KEYS */;
UNLOCK TABLES;


# Dump of table tb_member
# ------------------------------------------------------------

DROP TABLE IF EXISTS `tb_member`;

CREATE TABLE `tb_member` (
  `seq` int(11) NOT NULL AUTO_INCREMENT,
  `member_id` varchar(50) COLLATE utf8_bin NOT NULL DEFAULT '' COMMENT '이메일',
  `member_name` varchar(50) COLLATE utf8_bin NOT NULL DEFAULT '' COMMENT '이름',
  `member_auth_type` char(1) COLLATE utf8_bin NOT NULL DEFAULT '' COMMENT 'A:일반 B:제휴사',
  `password` varchar(255) COLLATE utf8_bin DEFAULT NULL COMMENT '패스워드',
  `member_phone` varchar(50) COLLATE utf8_bin NOT NULL DEFAULT '' COMMENT '핸드폰',
  `zipcode` varchar(11) COLLATE utf8_bin DEFAULT NULL COMMENT '우편',
  `address1` varchar(250) COLLATE utf8_bin DEFAULT NULL COMMENT '주소1',
  `address2` varchar(250) COLLATE utf8_bin DEFAULT NULL COMMENT '주소2',
  `member_token` varchar(250) COLLATE utf8_bin DEFAULT NULL COMMENT '토큰',
  `license_type` varchar(10) COLLATE utf8_bin DEFAULT NULL COMMENT ' 라이센스 타잎',
  `auth_number` varchar(50) COLLATE utf8_bin DEFAULT NULL COMMENT '관리번호',
  `affiliation` varchar(50) COLLATE utf8_bin DEFAULT NULL COMMENT '소속',
  `sale_area` varchar(250) COLLATE utf8_bin DEFAULT NULL COMMENT '영업가능지역',
  `cre_dtime` datetime NOT NULL DEFAULT CURRENT_TIMESTAMP COMMENT '등록일',
  `cre_id` varchar(50) COLLATE utf8_bin NOT NULL DEFAULT '' COMMENT '등록자',
  `upd_dtime` datetime NOT NULL DEFAULT CURRENT_TIMESTAMP COMMENT '수정일',
  `upd_id` varchar(50) COLLATE utf8_bin NOT NULL DEFAULT '' COMMENT '수정자',
  `image_name` varchar(250) COLLATE utf8_bin DEFAULT '/_Img/Sub/chat-sm.png' COMMENT '이미지명',
  `image_org_name` varchar(250) COLLATE utf8_bin DEFAULT NULL COMMENT '오리지널 이미지',
  `image_size` int(11) DEFAULT NULL COMMENT '사이즈',
  `image_path` varchar(250) COLLATE utf8_bin DEFAULT '/_Img/Sub/chat-sm.png' COMMENT '패스',
  `alaram_count` int(1) DEFAULT '0' COMMENT '알람',
  `carrer` varchar(255) COLLATE utf8_bin DEFAULT NULL COMMENT '학력',
  `content` text COLLATE utf8_bin COMMENT '회사소개',
  `member_status` char(1) COLLATE utf8_bin DEFAULT 'A' COMMENT '회원상태 A:정상 B: 휴먼 C: 탈퇴 D:비승인',
  `cancel_dtime` datetime DEFAULT NULL COMMENT '탈퇴일',
  `keyword` varchar(255) COLLATE utf8_bin DEFAULT NULL COMMENT '키워드',
  `view_yn` char(1) COLLATE utf8_bin DEFAULT 'N' COMMENT '노출여부',
  KEY `??? 1` (`seq`,`member_id`)
) ENGINE=InnoDB DEFAULT CHARSET=utf8 COLLATE=utf8_bin COMMENT='010-7284-2250';

LOCK TABLES `tb_member` WRITE;
/*!40000 ALTER TABLE `tb_member` DISABLE KEYS */;

INSERT INTO `tb_member` (`seq`, `member_id`, `member_name`, `member_auth_type`, `password`, `member_phone`, `zipcode`, `address1`, `address2`, `member_token`, `license_type`, `auth_number`, `affiliation`, `sale_area`, `cre_dtime`, `cre_id`, `upd_dtime`, `upd_id`, `image_name`, `image_org_name`, `image_size`, `image_path`, `alaram_count`, `carrer`, `content`, `member_status`, `cancel_dtime`, `keyword`, `view_yn`)
VALUES
	(6,X'7374657665334073746576656E636F72702E636F6D',X'ECB59CECA784ED98B8',X'42',X'2A41344236313537333139303338373234453335363038393446374639333243383838364542464346',X'3031302D393938342D37353932',X'3432332D383434',X'EAB2BDEAB8B020EAB491EBAA85EC8B9C20ED9598EC958831EB8F99',X'3538332D36EBB288ECA78020323031ED98B8',X'',X'412C42',X'31323331323334',X'EC8AA4ED8BB0EBB89020EC84B8EBACB4EC82AC',X'41303030312C41303030322C41303030332C41303030342C41303030352C41303030362C41303030372C41303030382C41303030392C41303031302C41303031312C41303031322C41303031332C41303031342C41303031352C4130303136','2019-11-11 10:01:16',X'','2019-12-26 01:43:16',X'',X'313537353136363839343933372E6A706567',X'74656D7030312E6A7067',25052,X'2F75706C6F61642F62616E6E65722F313537353136363839343933372E6A706567',0,X'ECA3BCEC9A9420ED9599EBA0A5EC9E85EB8B88EB8BA42E',X'EC868CEAB09CEAB880EC9E85EB8B88EB8BA42E0AED9598ED9598464646',X'41',NULL,NULL,NULL),
	(4,X'616C696B656A6840676D61696C2E636F6D',X'ECB59CECA784ED98B8',X'41',X'2A41344236313537333139303338373234453335363038393446374639333243383838364542464346',X'31323334',NULL,NULL,NULL,X'6554436452596F485875343A41504139316245744D676F4E576F463471364D724F3137724952355F5243705F4D79316A5F3074494F6D4D365332576A4C50675864667230563571672D38327664624F426754634448573530414D6D5F747A5F4972425634433165534B756B6434355A6D4F5765574C62665839586F68616A4442416D694C4949616E48565A67656B72445F307A2D53505443',NULL,NULL,NULL,NULL,'2019-11-14 20:36:39',X'','2020-02-01 07:17:39',X'',X'2F5F496D672F5375622F636861742D736D2E706E67',NULL,NULL,X'2F75706C6F61642F62616E6E65722F313537353136363839343933372E6A706567',0,NULL,NULL,X'43',NULL,X'',X'4E'),
	(7,X'7374657665334073746576656E636F72702E636F6D',X'ECB59CECA780ED98B8',X'42',X'2A42383438393444323645333545394231304244364435343439374238324432444533414537393933',X'30313032323233333333',X'3133343830',X'EAB2BDEAB8B020EC84B1EB82A8EC8B9C20EBB684EB8BB9EAB5AC20EB8C80EC9995ED8C90EAB590EBA19C20343737',X'31323334',NULL,X'412C42',X'3132333435',X'EC868CEC868D',X'41303030312C41303030322C41303030332C41303030342C41303030352C41303030362C41303030372C41303030382C41303030392C41303031302C41303031312C41303031322C41303031332C41303031342C41303031352C4130303136','2019-12-01 09:06:09',X'','2019-12-01 09:06:09',X'',X'313537353139313136393436332E706E67',X'37325F37322E706E67',NULL,X'2F75706C6F61642F62616E6E65722F313537353136363839343933372E6A706567',0,X'EC849CEC9AB8EB8C80ED9599EAB59020ECA1B8EC9785',NULL,X'41',NULL,NULL,X'59'),
	(8,X'6A6463686F69406875656E73797374656D2E636F6D',X'ECB59CEC9EACEB939D',X'41',X'2A33303643394142353344463534413444413532384645354336363743423242314335393344374243',X'3031303535353231323139',NULL,NULL,NULL,X'6437704E37716B624534413A415041393162455264614D68527956674C6C30586D763445466B73587968724F544641776A304F4930445955753472666F5A6438577A72772D433065433871725F4E6734614A384D59467733354F653337564E472D6D593632754232644469324539337A4D3971704B534345476C355962616D477177473732695551517641595350796D6B41345F635F5830',NULL,NULL,NULL,NULL,'2019-12-13 05:34:08',X'','2019-12-13 05:34:08',X'',X'2F5F496D672F5375622F636861742D736D2E706E67',NULL,NULL,X'2F5F496D672F5375622F636861742D736D2E706E67',0,NULL,NULL,X'41',NULL,NULL,X'4E'),
	(1,X'73746576654073746576656E636F72702E636F6D',X'ECB59CECA784ED98B8',X'42',X'2A41344236313537333139303338373234453335363038393446374639333243383838364542464346',X'3031302D393938342D37353932',X'3432332D383434',X'EAB2BDEAB8B020EAB491EBAA85EC8B9C20ED9598EC958831EB8F99',X'3538332D36EBB288ECA78020323031ED98B8',X'',X'412C42',X'31323331323334',X'EC8AA4ED8BB0EBB89020EC84B8EBACB4EC82ACED858CEC8AA4ED84B0',X'41303030312C41303030322C41303030332C41303030342C41303030352C41303030362C41303030372C41303030382C41303030392C41303031302C41303031312C41303031322C41303031332C41303031342C41303031352C4130303136','2019-11-11 10:01:16',X'','2020-02-01 06:14:11',X'',X'313537353136363839343933372E6A706567',X'74656D7030312E6A7067',25052,X'2F75706C6F61642F62616E6E65722F313537353136363839343933372E6A706567',0,X'ECA3BCEC9A9420ED9599EBA0A5EC9E85EB8B88EB8BA42E',X'EC868CEAB09CEAB880EC9E85EB8B88EB8BA42E0AED9598ED9598464646',X'41',NULL,X'ED82A4EC9B8CEB939CEC9E85EB8B88EB8BA42E',X'59'),
	(3,X'7374657665314073746576656E636F72702E636F6D',X'ECB59CECA784ED98B8',X'42',X'2A41344236313537333139303338373234453335363038393446374639333243383838364542464346',X'3031302D393938342D37353932',X'3432332D383434',X'EAB2BDEAB8B020EAB491EBAA85EC8B9C20ED9598EC958831EB8F99',X'3538332D36EBB288ECA78020323031ED98B8',X'6554436452596F485875343A41504139316245744D676F4E576F463471364D724F3137724952355F5243705F4D79316A5F3074494F6D4D365332576A4C50675864667230563571672D38327664624F426754634448573530414D6D5F747A5F4972425634433165534B756B6434355A6D4F5765574C62665839586F68616A4442416D694C4949616E48565A67656B72445F307A2D53505443',X'412C42',X'31323331323334',X'EC8AA4ED8BB0EBB89020EC84B8EBACB4EC82AC',X'41303030312C41303030322C41303030332C41303030342C41303030352C41303030362C41303030372C41303030382C41303030392C41303031302C41303031312C41303031322C41303031332C41303031342C41303031352C4130303136','2019-11-11 10:01:16',X'','2019-12-26 01:39:33',X'',X'313537353136363839343933372E6A706567',X'74656D7030312E6A7067',25052,X'2F75706C6F61642F62616E6E65722F313537353136363839343933372E6A706567',0,X'ECA3BCEC9A9420ED9599EBA0A5EC9E85EB8B88EB8BA42E',X'EC868CEAB09CEAB880EC9E85EB8B88EB8BA42E0AED9598ED9598464646',X'41',NULL,NULL,X'59'),
	(5,X'7374657665324073746576656E636F72702E636F6D',X'ECB59CECA784ED98B8',X'42',X'2A41344236313537333139303338373234453335363038393446374639333243383838364542464346',X'3031302D393938342D37353932',X'3432332D383434',X'EAB2BDEAB8B020EAB491EBAA85EC8B9C20ED9598EC958831EB8F99',X'3538332D36EBB288ECA78020323031ED98B8',X'6554436452596F485875343A41504139316245744D676F4E576F463471364D724F3137724952355F5243705F4D79316A5F3074494F6D4D365332576A4C50675864667230563571672D38327664624F426754634448573530414D6D5F747A5F4972425634433165534B756B6434355A6D4F5765574C62665839586F68616A4442416D694C4949616E48565A67656B72445F307A2D53505443',X'412C42',X'31323331323334',X'EC8AA4ED8BB0EBB89020EC84B8EBACB4EC82AC',X'41303030312C41303030322C41303030332C41303030342C41303030352C41303030362C41303030372C41303030382C41303030392C41303031302C41303031312C41303031322C41303031332C41303031342C41303031352C4130303136','2019-11-11 10:01:16',X'','2019-12-01 02:21:34',X'',X'313537353136363839343933372E6A706567',X'74656D7030312E6A7067',25052,X'2F75706C6F61642F62616E6E65722F313537353136363839343933372E6A706567',0,X'ECA3BCEC9A9420ED9599EBA0A5EC9E85EB8B88EB8BA42E',X'EC868CEAB09CEAB880EC9E85EB8B88EB8BA42E0AED9598ED9598464646',X'41',NULL,NULL,X'59'),
	(9,X'616C696B656A683240676D61696C2E636F6D',X'ECB59CECA784ED98B8',X'41',X'2A41344236313537333139303338373234453335363038393446374639333243383838364542464346',X'3031303939383437353932',NULL,NULL,NULL,NULL,NULL,NULL,NULL,NULL,'2020-01-15 10:24:56',X'','2020-01-15 10:24:56',X'',X'2F5F496D672F5375622F636861742D736D2E706E67',NULL,NULL,X'2F5F496D672F5375622F636861742D736D2E706E67',0,NULL,NULL,X'41',NULL,NULL,X'4E'),
	(10,X'6A6779756E406875656E73797374656D2E636F6D',X'EC9CA4ECA285EAB79C',X'41',X'2A45364343393042383738423934384333354539324230303343373932433436433538433441463430',X'3031303234363437353132',NULL,NULL,NULL,X'63522D652D49696B4C4A733A41504139316245724B3279583862624F7A2D6635624D4C573253352D34716E7A39646976623442753444527735587371484644763137416E49745F502D72673759746F2D70786F49756A416B6A38574A6E6D6D4C42416A7A657835694948615031485476316770323441543344614379484650756D4456373235576A644864544F417764475A565359415349',NULL,NULL,NULL,NULL,'2020-01-31 04:59:13',X'','2020-02-01 07:20:03',X'',X'2F5F496D672F5375622F636861742D736D2E706E67',NULL,NULL,X'2F5F496D672F5375622F636861742D736D2E706E67',0,NULL,NULL,X'41',NULL,X'ED9689ECA095EAB090EC82AC',X'4E'),
	(11,X'617A655F726F7468406E617665722E636F6D',X'ECB59CECA784ED98B8',X'41',X'2A43424639394538334638454130334438424446453745334130413144394330423142334541344344',X'3031303939383437353932',NULL,NULL,NULL,X'',NULL,NULL,NULL,NULL,'2020-01-31 05:26:07',X'','2020-02-01 07:20:20',X'',X'2F5F496D672F5375622F636861742D736D2E706E67',NULL,NULL,X'2F5F496D672F5375622F636861742D736D2E706E67',0,NULL,NULL,X'41',NULL,X'C2A0ED82A4EC9B8CEB939C',X'4E'),
	(12,X'7374657665344073746576656E636F72702E636F6D',X'EAB68CEAB8B0EB8C80',X'42',X'2A43424639394538334638454130334438424446453745334130413144394330423142334541344344',X'30313032323233333333',X'3133343830',X'EAB2BDEAB8B020EC84B1EB82A8EC8B9C20EBB684EB8BB9EAB5AC20EB8C80EC9995ED8C90EAB590EBA19C20343737',X'31323334',NULL,X'412C42',X'3333333333',X'EB8C80ED959CED9A8CEAB384EC82AC',X'41303030312C41303030322C41303030332C41303030342C41303030352C41303030362C41303030372C41303030382C41303030392C41303031302C41303031312C41303031322C41303031332C41303031342C41303031352C4130303136','2020-02-01 06:04:10',X'','2020-02-01 06:17:38',X'',X'',X'',NULL,X'',0,X'EC849CEC9AB8EB8C80ED9599EAB590','',X'43','2020-02-01 06:14:58',X'',NULL),
	(13,X'6140612E636F6D',X'74657374',X'41',X'2A41344236313537333139303338373234453335363038393446374639333243383838364542464346',X'3031303939383437353932',NULL,NULL,NULL,NULL,NULL,NULL,NULL,NULL,'2020-02-01 06:20:55',X'','2020-02-01 06:20:55',X'',X'2F5F496D672F5375622F636861742D736D2E706E67',NULL,NULL,X'2F5F496D672F5375622F636861742D736D2E706E67',0,NULL,NULL,X'43',NULL,X'6B6579776F7264',X'4E');

/*!40000 ALTER TABLE `tb_member` ENABLE KEYS */;
UNLOCK TABLES;


# Dump of table tb_semu
# ------------------------------------------------------------

DROP TABLE IF EXISTS `tb_semu`;

CREATE TABLE `tb_semu` (
  `idx` int(11) unsigned NOT NULL AUTO_INCREMENT,
  `member_idx` int(11) DEFAULT NULL COMMENT '회원idx',
  `name` varchar(50) DEFAULT NULL COMMENT '이름',
  `phone` varchar(50) DEFAULT NULL COMMENT '연락처',
  `email` varchar(50) DEFAULT NULL COMMENT '이메일',
  `area` varchar(10) DEFAULT NULL COMMENT '지역코드',
  `type1` char(1) DEFAULT NULL COMMENT '사업유형/신고대행/세무분야',
  `type2` varchar(50) DEFAULT NULL COMMENT '세무분야/기타분류',
  `upjong` varchar(225) DEFAULT NULL COMMENT '업종',
  `jikwonsu` varchar(50) DEFAULT NULL COMMENT '직원수',
  `kijangcharge` varchar(50) DEFAULT NULL COMMENT '희망기장료',
  `sodukgubun` varchar(225) DEFAULT NULL COMMENT '소득구분',
  `budongsan` varchar(50) DEFAULT NULL COMMENT '부동산',
  `gumyoung` varchar(50) DEFAULT NULL COMMENT '금융',
  `etccharge` varchar(50) DEFAULT NULL COMMENT '기타금액',
  `etc` text COMMENT '기타입력사항',
  `companyname` varchar(225) DEFAULT NULL COMMENT '회사명',
  `companymoney` varchar(50) DEFAULT NULL COMMENT '매출/자산/자본금 규모',
  `bimil` char(1) DEFAULT NULL COMMENT '비밀글여부',
  `member_gubun` char(1) DEFAULT NULL COMMENT 'A:회원 B:비화원',
  `title` varchar(255) DEFAULT '' COMMENT '제목',
  `password` varchar(255) DEFAULT NULL COMMENT '비밀번호',
  `link1` varchar(255) DEFAULT NULL,
  `link2` varchar(255) DEFAULT NULL,
  `file1_name` varchar(255) DEFAULT NULL,
  `file1_orgname` varchar(255) DEFAULT NULL,
  `file1_path` varchar(255) DEFAULT NULL,
  `file2_name` varchar(255) DEFAULT NULL,
  `file2_orgname` varchar(255) DEFAULT NULL,
  `file2_path` varchar(255) DEFAULT NULL,
  `semu_type` char(1) DEFAULT NULL COMMENT 'A:기장대행 B:신고대행 C:세무조사/불복 D:양도/상속/증여 E:기타 F:무료 세무상담',
  `semu_status` char(1) DEFAULT 'A' COMMENT 'A:접수 B:견적중 D:견적완료 E:재견적요청  C:취소 F: 선택완료 ',
  `cre_date` datetime DEFAULT NULL COMMENT '견적요청일',
  `upd_date` datetime DEFAULT NULL COMMENT '수정일',
  PRIMARY KEY (`idx`)
) ENGINE=InnoDB DEFAULT CHARSET=utf8mb4;

LOCK TABLES `tb_semu` WRITE;
/*!40000 ALTER TABLE `tb_semu` DISABLE KEYS */;

INSERT INTO `tb_semu` (`idx`, `member_idx`, `name`, `phone`, `email`, `area`, `type1`, `type2`, `upjong`, `jikwonsu`, `kijangcharge`, `sodukgubun`, `budongsan`, `gumyoung`, `etccharge`, `etc`, `companyname`, `companymoney`, `bimil`, `member_gubun`, `title`, `password`, `link1`, `link2`, `file1_name`, `file1_orgname`, `file1_path`, `file2_name`, `file2_orgname`, `file2_path`, `semu_type`, `semu_status`, `cre_date`, `upd_date`)
VALUES
	(1,1,'신청자','010-222-3333',NULL,'A0002','A',NULL,'업종','34명','30000',NULL,NULL,NULL,NULL,'기타입력 사항입니다.\n기타입력 사항입니다.\n기타입력 사항입니다.',NULL,NULL,NULL,'A','',NULL,NULL,NULL,NULL,NULL,NULL,NULL,NULL,NULL,'A','D','2019-11-19 13:34:49','2019-11-19 13:34:56'),
	(2,0,'최진호','010-222-3333',NULL,'A0002','B',NULL,'업종','12명','35000','디자인,프로그래밍',NULL,NULL,NULL,'기타입력 사항입니다.\n기타입력 사항입니다.\n기타입력 사항입니다.\n',NULL,NULL,NULL,'B','',NULL,NULL,NULL,NULL,NULL,NULL,NULL,NULL,NULL,'B','A','2019-11-19 13:34:49','2019-11-19 13:34:56'),
	(3,1,'최진호','010-222-3333',NULL,'A0002','A',NULL,'업종','34명','30000',NULL,NULL,NULL,NULL,'기타입력 사항입니다.\n기타입력 사항입니다.\n기타입력 사항입니다.',NULL,NULL,NULL,'A','',NULL,NULL,NULL,NULL,NULL,NULL,NULL,NULL,NULL,'C','A','2019-11-19 13:34:49','2019-11-19 13:34:56'),
	(4,1,'최진호','010-222-3333',NULL,'A0002','','A,B,C','업종','34명','30000',NULL,'30억','30억','10억','기타입력 사항입니다.\n기타입력 사항입니다.\n기타입력 사항입니다.',NULL,NULL,NULL,'A','',NULL,NULL,NULL,NULL,NULL,NULL,NULL,NULL,NULL,'D','E','2019-11-19 13:34:49','2019-11-19 13:34:56'),
	(5,1,'최진호','010-222-3333',NULL,'A0002','','A,B','업종','34명','30000',NULL,NULL,NULL,NULL,'기타입력 사항입니다.\n기타입력 사항입니다.\n기타입력 사항입니다.','스티븐','30억',NULL,'A','',NULL,NULL,NULL,NULL,NULL,NULL,NULL,NULL,NULL,'E','F','2019-11-19 13:34:49','2019-11-19 13:34:56'),
	(7,NULL,'최진호','01099847592',NULL,'A0002','A',NULL,'업종입니다.','30명','3000원',NULL,NULL,NULL,NULL,'기타사항입니다.',NULL,NULL,NULL,NULL,'',NULL,NULL,NULL,NULL,NULL,NULL,NULL,NULL,NULL,'A','A','2019-11-26 16:19:40',NULL),
	(8,NULL,'최진호2','01099847592',NULL,'A0005','B',NULL,'업종이래요','10명','30원',NULL,NULL,NULL,NULL,'기타',NULL,NULL,NULL,'A','',NULL,NULL,NULL,NULL,NULL,NULL,NULL,NULL,NULL,'A','D','2019-11-26 16:21:44',NULL),
	(9,0,'최진호23','01099847592',NULL,'A0004','B',NULL,'123','123','123',NULL,NULL,NULL,NULL,'123',NULL,NULL,NULL,'B','',NULL,NULL,NULL,NULL,NULL,NULL,NULL,NULL,NULL,'A','A','2019-11-26 16:23:20',NULL),
	(10,0,'최진호5','01099847592',NULL,'A0005','B',NULL,NULL,NULL,NULL,NULL,NULL,NULL,NULL,'기타사항',NULL,NULL,NULL,'B','',NULL,NULL,NULL,NULL,NULL,NULL,NULL,NULL,NULL,'B','A','2019-11-26 17:37:54',NULL),
	(11,0,'최진호6','01099847592',NULL,'A0005','B',NULL,NULL,NULL,NULL,NULL,NULL,NULL,NULL,'기타사항',NULL,NULL,NULL,'B','',NULL,NULL,NULL,NULL,NULL,NULL,NULL,NULL,NULL,'B','A','2019-11-26 17:42:00',NULL),
	(12,0,'EEEE','1111',NULL,'A0002','B',NULL,NULL,NULL,NULL,NULL,NULL,NULL,NULL,'3EEE',NULL,NULL,NULL,'B','',NULL,NULL,NULL,NULL,NULL,NULL,NULL,NULL,NULL,'C','A','2019-11-28 09:32:17',NULL),
	(13,0,'ewr','wer',NULL,'A0003',NULL,NULL,NULL,NULL,NULL,NULL,'111','222','333','444',NULL,NULL,NULL,'B','',NULL,NULL,NULL,NULL,NULL,NULL,NULL,NULL,NULL,'D','A','2019-11-28 09:37:10',NULL),
	(14,0,'123','123',NULL,'A0003',NULL,'A,B,C',NULL,NULL,NULL,NULL,'11','22','33','44',NULL,NULL,NULL,'B','',NULL,NULL,NULL,NULL,NULL,NULL,NULL,NULL,NULL,'D','A','2019-11-28 09:41:43',NULL),
	(15,0,'werwer','werwer',NULL,'A0005',NULL,'A,B','업종',NULL,NULL,NULL,NULL,NULL,NULL,'기타','회사명','3000만원',NULL,'B','',NULL,NULL,NULL,NULL,NULL,NULL,NULL,NULL,NULL,'E','A','2019-11-29 06:26:48',NULL),
	(16,0,'xsdfa',NULL,NULL,NULL,NULL,'undefined',NULL,NULL,NULL,NULL,NULL,NULL,NULL,'',NULL,NULL,NULL,'B','',NULL,NULL,NULL,NULL,NULL,NULL,NULL,NULL,NULL,'F','A','2019-11-30 05:49:20',NULL),
	(31,0,'최진호','01099847592',NULL,'A0002','B','undefined','서비스','6명','3만원',NULL,NULL,NULL,NULL,'기장대행 서비스 요청 테스트입니다.',NULL,NULL,NULL,'B',NULL,'',NULL,NULL,'','','','','','','A','B','2019-12-12 07:09:00',NULL),
	(32,0,'최진호','01099847592',NULL,'A0002','A','undefined','서비스','6명','3만원',NULL,NULL,NULL,NULL,'기장대행 테스트입니다',NULL,NULL,NULL,'B',NULL,'',NULL,NULL,'','','','','','','A','A','2019-12-13 01:57:39',NULL),
	(33,0,'test','01099847592',NULL,'A0002','A','undefined','서비스','6명','3만원',NULL,NULL,NULL,NULL,'eee',NULL,NULL,NULL,'B',NULL,'',NULL,NULL,'','','','','','','A','A','2019-12-13 01:59:26',NULL),
	(34,0,'test2','01099847592',NULL,'A0003','A','undefined','서비스','6명','3만원',NULL,NULL,NULL,NULL,'eee',NULL,NULL,NULL,'B',NULL,'',NULL,NULL,'','','','','','','A','A','2019-12-13 02:02:06',NULL),
	(35,0,'최진호','01099847592',NULL,'A0002','A','undefined',NULL,NULL,NULL,NULL,NULL,NULL,NULL,'3333',NULL,NULL,NULL,'B',NULL,'',NULL,NULL,'','','','','','','B','A','2019-12-13 02:05:20',NULL),
	(36,0,'eee','111',NULL,'A0002','A','undefined','서비스','6명','3만원',NULL,NULL,NULL,NULL,'test',NULL,NULL,NULL,'B',NULL,'',NULL,NULL,'','','','','','','A','A','2019-12-13 02:07:46',NULL),
	(37,0,'최진호','01099847592',NULL,'A0002','B','undefined',NULL,NULL,NULL,NULL,NULL,NULL,NULL,'eeee',NULL,NULL,NULL,'B',NULL,'',NULL,NULL,'','','','','','','C','A','2019-12-13 02:08:42',NULL),
	(38,0,'최진호','01099847592',NULL,'A0002',NULL,'B,C',NULL,NULL,NULL,NULL,'3333','2222','1111','1234',NULL,NULL,NULL,'B',NULL,'',NULL,NULL,'','','','','','','D','A','2019-12-13 02:09:37',NULL),
	(39,0,'최진호','01099847592',NULL,'A0002',NULL,'B','서비스',NULL,NULL,NULL,NULL,NULL,NULL,'eeee','stevencorp.com','stevencorp.com',NULL,'B',NULL,'',NULL,NULL,'','','','','','','E','A','2019-12-13 02:10:28',NULL),
	(40,1,'최진호','01099847592',NULL,'A0003',NULL,'B','서비스',NULL,NULL,NULL,NULL,NULL,NULL,'1234','stevencorp.com','stevencorp.com',NULL,'A',NULL,'',NULL,NULL,'','','','','','','E','A','2019-12-13 02:13:03',NULL),
	(41,0,'최진호','01099847592',NULL,'A0002','A','undefined','서비스','6명','3만원',NULL,NULL,NULL,NULL,'기타사항입니다.',NULL,NULL,NULL,'B',NULL,'',NULL,NULL,'','','','','','','A','B','2019-12-13 05:49:18',NULL),
	(42,0,'이정화','01062640968',NULL,'A0009',NULL,'undefined',NULL,NULL,NULL,NULL,'','','','그리하여',NULL,NULL,NULL,'B',NULL,'',NULL,NULL,'','','','','','','D','A','2019-12-19 19:37:04',NULL),
	(43,0,'보름이','01062640968',NULL,'A0008','A','undefined','','','',NULL,NULL,NULL,NULL,'',NULL,NULL,NULL,'B',NULL,'',NULL,NULL,'','','','','','','A','A','2019-12-19 19:38:57',NULL),
	(44,0,'이정화','01062640968',NULL,'A0003','A','undefined','제조','','250,000',NULL,NULL,NULL,NULL,'',NULL,NULL,NULL,'B',NULL,'',NULL,NULL,'','','','','','','A','A','2019-12-26 06:51:59',NULL),
	(45,0,'박세진','01062640968',NULL,'A0006','A','undefined','','','2십만원',NULL,NULL,NULL,NULL,'',NULL,NULL,NULL,'B',NULL,'',NULL,NULL,'','','','','','','A','A','2019-12-26 07:14:32',NULL),
	(46,0,'이재성','01012341234',NULL,'A0002','A','undefined','','','',NULL,NULL,NULL,NULL,'',NULL,NULL,NULL,'B',NULL,'',NULL,NULL,'','','','','','','A','A','2019-12-26 12:15:40',NULL),
	(47,0,'이미경','01056568989',NULL,'A0004','A','undefined','','','',NULL,NULL,NULL,NULL,'',NULL,NULL,NULL,'B',NULL,'',NULL,NULL,'','','','','','','A','B','2019-12-26 12:32:02',NULL),
	(48,0,'ㅌ','ㆍ',NULL,'A0004','A','undefined',NULL,NULL,NULL,NULL,NULL,NULL,NULL,'',NULL,NULL,NULL,'B',NULL,'',NULL,NULL,'','','','','','','B','A','2019-12-31 09:34:42',NULL),
	(49,4,'기장대행테스트1','0102223333',NULL,'A0002','A','undefined','서비스','3명','30000원',NULL,NULL,NULL,NULL,'기타 사항 입력 테스트입니다.\n하하하하',NULL,NULL,NULL,'A',NULL,'',NULL,NULL,'','','','','','','A','B','2020-01-14 04:34:00',NULL),
	(50,4,'신고대행테스트','0102223333',NULL,'A0003','A','undefined',NULL,NULL,NULL,NULL,NULL,NULL,NULL,'기타사항입력테스트입니다.\n신고대행',NULL,NULL,NULL,'A',NULL,'',NULL,NULL,'','','','','','','B','A','2020-01-14 04:34:34',NULL),
	(51,4,'세무조사테스터','0102223333',NULL,'A0004','B','undefined',NULL,NULL,NULL,NULL,NULL,NULL,NULL,'조세불복 신청합니다.',NULL,NULL,NULL,'A',NULL,'',NULL,NULL,'','','','','','','C','A','2020-01-14 04:35:04',NULL),
	(52,4,'양도상속증여테스터','0102223333',NULL,'A0005',NULL,'A,B',NULL,NULL,NULL,NULL,'3000000원','1000000원','500000000원','양도 상속 문의 드립니다.',NULL,NULL,NULL,'A',NULL,'',NULL,NULL,'','','','','','','D','A','2020-01-14 04:35:51',NULL),
	(53,4,'컨설팅평가감사 테스터','0102223333',NULL,'A0003',NULL,'A,B','서비스',NULL,NULL,NULL,NULL,NULL,NULL,'컨설팅테스터','스티븐','5000000억',NULL,'A',NULL,'',NULL,NULL,'','','','','','','E','F','2020-01-14 04:36:30',NULL),
	(54,0,'우지훈','01082813566',NULL,'A0009','A','undefined','','','',NULL,NULL,NULL,NULL,'',NULL,NULL,NULL,'B',NULL,'',NULL,NULL,'','','','','','','A','A','2020-01-22 12:16:14',NULL),
	(55,4,'최진호','01099847592',NULL,'A0002','B','undefined','서비스','6명','3만원',NULL,NULL,NULL,NULL,'기장대행 테스트~',NULL,NULL,NULL,'A',NULL,'',NULL,NULL,'','','','','','','A','A','2020-01-30 07:34:25',NULL),
	(56,4,'최진호','01099847592',NULL,'A0002','A','undefined','서비스','6명','30000원',NULL,NULL,NULL,NULL,'eeee',NULL,NULL,NULL,'A',NULL,'',NULL,NULL,'','','','','','','A','A','2020-01-30 07:53:47',NULL),
	(57,4,'최진호','01099847592',NULL,'A0002','B','undefined','서비스','6명','3만원',NULL,NULL,NULL,NULL,'eee',NULL,NULL,NULL,'A',NULL,'',NULL,NULL,'','','','','','','A','D','2020-01-30 08:01:50',NULL),
	(58,4,'eeee','111111',NULL,'A0002','A','undefined','1112','2','33',NULL,NULL,NULL,NULL,'111',NULL,NULL,NULL,'A',NULL,'',NULL,NULL,'','','','','','','A','A','2020-01-30 08:08:32',NULL),
	(59,11,'박세진','01022223333',NULL,'A0002','A','undefined','서비스','6명','3000원',NULL,NULL,NULL,NULL,'기타사항입니다',NULL,NULL,NULL,'A',NULL,'',NULL,NULL,'','','','','','','A','F','2020-01-31 05:35:08',NULL),
	(60,0,'박윤종','01026722250',NULL,'A0009','A','undefined','출판사','2','9만원',NULL,NULL,NULL,NULL,'부가세면세임',NULL,NULL,NULL,'B',NULL,'',NULL,NULL,'','','','','','','A','A','2020-02-04 02:24:17',NULL);

/*!40000 ALTER TABLE `tb_semu` ENABLE KEYS */;
UNLOCK TABLES;


# Dump of table tb_semu_match
# ------------------------------------------------------------

DROP TABLE IF EXISTS `tb_semu_match`;

CREATE TABLE `tb_semu_match` (
  `idx` int(11) unsigned NOT NULL AUTO_INCREMENT,
  `semu_idx` int(11) DEFAULT NULL COMMENT '세무요청IDX',
  `semusa_idx` int(11) DEFAULT NULL COMMENT '세무회원idx',
  `member_idx` int(11) DEFAULT NULL COMMENT '회원 idx',
  `estimate` varchar(50) DEFAULT NULL COMMENT '견적가',
  `bulbok` varchar(255) DEFAULT NULL COMMENT '불복내용',
  `goji` varchar(255) DEFAULT NULL COMMENT '고지내용',
  `charge_before` varchar(250) DEFAULT NULL COMMENT '착수금',
  `charge_center` varchar(250) DEFAULT NULL COMMENT '중도금',
  `charge_after` varchar(250) DEFAULT NULL COMMENT '성공액',
  `pyunggajasan` varchar(255) DEFAULT NULL COMMENT '평가대상 자산',
  `pyunggadate` varchar(50) DEFAULT NULL COMMENT '평가기준일',
  `pyungga_submission_date` varchar(50) DEFAULT NULL COMMENT '평가보고 제출일',
  `gamsidaesang` varchar(255) DEFAULT NULL COMMENT '감시대상',
  `gamsiowner` varchar(50) DEFAULT NULL COMMENT ' 감시책임자',
  `jigubdate` varchar(255) DEFAULT NULL COMMENT '용역비 지급시기',
  `contents` text COMMENT '맞춤소개',
  `cre_date` datetime DEFAULT NULL COMMENT '생성일',
  `mod_date` datetime DEFAULT NULL COMMENT '수정일',
  `semusa_status` char(1) DEFAULT 'A' COMMENT 'A:견적발송 B:견적완료C:견적반려',
  `match_status` char(1) NOT NULL DEFAULT 'A' COMMENT 'A:대기 B:발송',
  PRIMARY KEY (`idx`)
) ENGINE=InnoDB DEFAULT CHARSET=utf8mb4;

LOCK TABLES `tb_semu_match` WRITE;
/*!40000 ALTER TABLE `tb_semu_match` DISABLE KEYS */;

INSERT INTO `tb_semu_match` (`idx`, `semu_idx`, `semusa_idx`, `member_idx`, `estimate`, `bulbok`, `goji`, `charge_before`, `charge_center`, `charge_after`, `pyunggajasan`, `pyunggadate`, `pyungga_submission_date`, `gamsidaesang`, `gamsiowner`, `jigubdate`, `contents`, `cre_date`, `mod_date`, `semusa_status`, `match_status`)
VALUES
	(14,1,1,1,'123222',NULL,NULL,NULL,NULL,NULL,NULL,NULL,NULL,NULL,NULL,NULL,'12332333','2019-11-21 19:58:25','2019-11-25 09:37:39','A','B'),
	(15,1,1,1,'33322211',NULL,NULL,NULL,NULL,NULL,NULL,NULL,NULL,NULL,NULL,NULL,'22333333','2019-11-21 19:58:30','2019-11-25 09:37:48','A','A'),
	(18,3,1,1,'1234444','불복내용불복내용22','고지내용고지내용44','123455',NULL,'55555666',NULL,NULL,NULL,NULL,NULL,NULL,'맞춤소개맞춤소개맞춤소개맞춤소개777','2019-11-24 11:02:09','2019-11-25 09:38:17','A','A'),
	(19,4,1,1,'3333',NULL,NULL,'3010만원',NULL,'5001만원','310만원','2019-12-31','2019-12-31',NULL,NULL,NULL,'맞춤소개22','2019-11-25 08:50:10','2019-11-25 09:39:07','A','B'),
	(20,47,1,1,'102원',NULL,NULL,'203원','304원','405원',NULL,NULL,NULL,'최진호1','최진호2','내일6','맞춤\n소개7','2019-11-25 09:15:18','2019-11-25 09:39:28','B','B'),
	(21,47,1,NULL,'3000',NULL,NULL,NULL,NULL,NULL,NULL,NULL,NULL,NULL,NULL,NULL,'맞춤소개1','2019-12-13 05:10:04','2020-01-08 01:33:42','B','B'),
	(24,47,1,0,NULL,NULL,NULL,NULL,NULL,NULL,NULL,NULL,NULL,NULL,NULL,NULL,NULL,'2020-01-05 06:57:33',NULL,'B','B'),
	(25,47,1,0,NULL,NULL,NULL,NULL,NULL,NULL,NULL,NULL,NULL,NULL,NULL,NULL,NULL,'2020-01-05 06:57:33',NULL,'A','A'),
	(26,47,1,0,NULL,NULL,NULL,NULL,NULL,NULL,NULL,NULL,NULL,NULL,NULL,NULL,NULL,'2020-01-05 06:57:34',NULL,'B','B'),
	(27,47,1,0,NULL,NULL,NULL,NULL,NULL,NULL,NULL,NULL,NULL,NULL,NULL,NULL,NULL,'2020-01-07 08:21:18',NULL,'A','A'),
	(28,2,1,0,NULL,NULL,NULL,NULL,NULL,NULL,NULL,NULL,NULL,NULL,NULL,NULL,NULL,'2020-01-08 08:59:30',NULL,'A','A'),
	(29,2,1,0,NULL,NULL,NULL,NULL,NULL,NULL,NULL,NULL,NULL,NULL,NULL,NULL,NULL,'2020-01-08 08:59:30',NULL,'A','A'),
	(30,2,1,0,NULL,NULL,NULL,NULL,NULL,NULL,NULL,NULL,NULL,NULL,NULL,NULL,NULL,'2020-01-09 01:00:30',NULL,'A','A'),
	(31,2,3,0,NULL,NULL,NULL,NULL,NULL,NULL,NULL,NULL,NULL,NULL,NULL,NULL,NULL,'2020-01-09 01:00:30',NULL,'A','A'),
	(32,49,1,4,NULL,NULL,NULL,NULL,NULL,NULL,NULL,NULL,NULL,NULL,NULL,NULL,NULL,'2020-01-14 04:37:22',NULL,'A','A'),
	(33,49,1,4,'3000만원',NULL,NULL,NULL,NULL,NULL,NULL,NULL,NULL,NULL,NULL,NULL,'맞춤소개테스트입니다~','2020-01-14 04:40:24','2020-01-14 09:53:29','B','A'),
	(34,50,1,4,'2000만원',NULL,NULL,NULL,NULL,NULL,NULL,NULL,NULL,NULL,NULL,NULL,'맞춤소개~~','2020-01-14 04:59:34','2020-01-15 04:03:12','B','A'),
	(35,51,1,4,'1000만원','불복내용들어가요','고지내용 들어가요','착수금 3000원',NULL,'성공액 2000만원',NULL,NULL,NULL,NULL,NULL,NULL,'불복하지마세요.','2020-01-14 04:59:48','2020-01-15 04:03:44','B','A'),
	(36,53,1,4,'500만원',NULL,NULL,'착수금 200만원',NULL,'성공액 3000만원','3000억','2020-01-30','2020-02-02',NULL,NULL,NULL,'양도 상속','2020-01-14 04:59:59','2020-01-15 04:04:30','B','B'),
	(37,53,1,4,'2000억',NULL,NULL,'착수금 50만원','중도금 100만원','잔금 1000만원',NULL,NULL,NULL,'감사대상입니다.','감사책임자입니다.','2020-03-03','컨설팅입니다~','2020-01-14 05:00:09','2020-01-15 04:06:25','B','B'),
	(38,49,1,4,'3000',NULL,NULL,NULL,NULL,NULL,NULL,NULL,NULL,NULL,NULL,NULL,'Kakaka','2020-01-15 09:44:48','2020-01-15 10:18:41','B','A'),
	(39,49,1,4,'3000',NULL,NULL,NULL,NULL,NULL,NULL,NULL,NULL,NULL,NULL,NULL,'Haha','2020-01-15 09:45:11','2020-01-15 10:14:37','B','A'),
	(40,57,3,4,NULL,NULL,NULL,NULL,NULL,NULL,NULL,NULL,NULL,NULL,NULL,NULL,NULL,'2020-01-30 08:03:23',NULL,'A','A'),
	(41,57,1,4,NULL,NULL,NULL,NULL,NULL,NULL,NULL,NULL,NULL,NULL,NULL,NULL,NULL,'2020-01-30 08:03:23',NULL,'A','A'),
	(42,59,6,11,NULL,NULL,NULL,NULL,NULL,NULL,NULL,NULL,NULL,NULL,NULL,NULL,NULL,'2020-01-31 05:38:45',NULL,'A','A'),
	(43,59,1,11,'3만원',NULL,NULL,NULL,NULL,NULL,NULL,NULL,NULL,NULL,NULL,NULL,'맞춤소개입니다.','2020-01-31 05:38:45','2020-01-31 05:43:26','B','B'),
	(44,59,3,11,NULL,NULL,NULL,NULL,NULL,NULL,NULL,NULL,NULL,NULL,NULL,NULL,NULL,'2020-01-31 05:38:45',NULL,'A','A');

/*!40000 ALTER TABLE `tb_semu_match` ENABLE KEYS */;
UNLOCK TABLES;



/*!40111 SET SQL_NOTES=@OLD_SQL_NOTES */;
/*!40101 SET SQL_MODE=@OLD_SQL_MODE */;
/*!40014 SET FOREIGN_KEY_CHECKS=@OLD_FOREIGN_KEY_CHECKS */;
/*!40101 SET CHARACTER_SET_CLIENT=@OLD_CHARACTER_SET_CLIENT */;
/*!40101 SET CHARACTER_SET_RESULTS=@OLD_CHARACTER_SET_RESULTS */;
/*!40101 SET COLLATION_CONNECTION=@OLD_COLLATION_CONNECTION */;
